snr_db,a_std
-10.0,0.145839
-7.0,0.139897
-4.0,0.133247
-1.0,0.126386
