{
  "meta": {
    "snr_db": 4.0,
    "channel": "AWGN"
  },
  "modes": {
    "baseline": {
      "mode": "baseline",
      "channel_ctx": {
        "gamma_eff_db_stats": {
          "mean": 3.999999761581421,
          "std": 0.0,
          "min": 3.999999761581421,
          "max": 3.999999761581421
        },
        "gamma_eff_norm_stats": {
          "mean": 0.7529411911964417,
          "std": 0.0,
          "min": 0.7529411911964417,
          "max": 0.7529411911964417
        }
      },
      "I_stats": {
        "mean": 0.7621866464614868,
        "std": 0.6473572254180908,
        "min": 0.00019987970881629735,
        "max": 5.832329273223877
      },
      "A_stats": {
        "mean": 1.0,
        "std": 0.0,
        "min": 1.0,
        "max": 1.0
      },
      "z_stats": {
        "mean": 0.001814275048673153,
        "std": 0.9999983310699463,
        "min": -5.832329273223877,
        "max": 4.701141834259033
      },
      "z_tx_stats": {
        "mean": 0.001814272254705429,
        "std": 0.9999983310699463,
        "min": -5.832329273223877,
        "max": 4.701141834259033
      },
      "E_z_stats": {
        "mean": 1.0,
        "std": 0.6130195260047913,
        "min": 0.04754248261451721,
        "max": 7.054141044616699
      },
      "E_ztx_stats": {
        "mean": 1.0,
        "std": 0.6130195260047913,
        "min": 0.04754248261451721,
        "max": 7.054141044616699
      },
      "corr_A_I": 0.0,
      "corr_A_gamma_eff": 0.0,
      "corr_A_Importance": 0.0
    },
    "linear": {
      "mode": "linear",
      "channel_ctx": {
        "gamma_eff_db_stats": {
          "mean": 3.999999761581421,
          "std": 0.0,
          "min": 3.999999761581421,
          "max": 3.999999761581421
        },
        "gamma_eff_norm_stats": {
          "mean": 0.7529411911964417,
          "std": 0.0,
          "min": 0.7529411911964417,
          "max": 0.7529411911964417
        }
      },
      "I_stats": {
        "mean": 0.4288039803504944,
        "std": 0.1633789837360382,
        "min": 0.24983638525009155,
        "max": 0.8129926919937134
      },
      "A_stats": {
        "mean": 1.0,
        "std": 0.06463565677404404,
        "min": 0.8831472396850586,
        "max": 1.2154697179794312
      },
      "z_stats": {
        "mean": 2.4951467514038086,
        "std": 89.8221435546875,
        "min": -443.0403747558594,
        "max": 363.0552062988281
      },
      "z_tx_stats": {
        "mean": 0.0274912528693676,
        "std": 0.9996219873428345,
        "min": -7.057428359985352,
        "max": 5.045933246612549
      },
      "E_z_stats": {
        "mean": 8074.244140625,
        "std": 4590.98486328125,
        "min": 1683.9154052734375,
        "max": 33634.4296875
      },
      "E_ztx_stats": {
        "mean": 1.0,
        "std": 0.6569608449935913,
        "min": 0.22889293730258942,
        "max": 8.196166038513184
      },
      "corr_A_I": 0.9241809248924255,
      "corr_A_gamma_eff": 0.0,
      "corr_A_Importance": 0.9241809248924255
    },
    "importance_only": {
      "mode": "importance_only",
      "channel_ctx": {
        "gamma_eff_db_stats": {
          "mean": 3.999999761581421,
          "std": 0.0,
          "min": 3.999999761581421,
          "max": 3.999999761581421
        },
        "gamma_eff_norm_stats": {
          "mean": 0.7529411911964417,
          "std": 0.0,
          "min": 0.7529411911964417,
          "max": 0.7529411911964417
        }
      },
      "I_stats": {
        "mean": 0.42326247692108154,
        "std": 0.16472195088863373,
        "min": 0.2504296898841858,
        "max": 0.8126603364944458
      },
      "A_stats": {
        "mean": 1.0,
        "std": 0.07689127326011658,
        "min": 0.8663976788520813,
        "max": 1.2300409078598022
      },
      "z_stats": {
        "mean": 2.5549559593200684,
        "std": 91.06694030761719,
        "min": -461.9715270996094,
        "max": 375.6122131347656
      },
      "z_tx_stats": {
        "mean": 0.02822554111480713,
        "std": 0.9996016025543213,
        "min": -7.3637237548828125,
        "max": 4.869889736175537
      },
      "E_z_stats": {
        "mean": 8299.71484375,
        "std": 4958.40771484375,
        "min": 1794.148193359375,
        "max": 33731.28125
      },
      "E_ztx_stats": {
        "mean": 1.0,
        "std": 0.7142557501792908,
        "min": 0.21705380082130432,
        "max": 8.570326805114746
      },
      "corr_A_I": 0.9164907932281494,
      "corr_A_gamma_eff": 0.0,
      "corr_A_Importance": 0.9164907932281494
    },
    "snr_only": {
      "mode": "snr_only",
      "channel_ctx": {
        "gamma_eff_db_stats": {
          "mean": 3.999999761581421,
          "std": 0.0,
          "min": 3.999999761581421,
          "max": 3.999999761581421
        },
        "gamma_eff_norm_stats": {
          "mean": 0.7529411911964417,
          "std": 0.0,
          "min": 0.7529411911964417,
          "max": 0.7529411911964417
        }
      },
      "I_stats": {
        "mean": 0.5,
        "std": 0.0,
        "min": 0.5,
        "max": 0.5
      },
      "A_stats": {
        "mean": 1.0,
        "std": 0.0,
        "min": 1.0,
        "max": 1.0
      },
      "z_stats": {
        "mean": 0.1941494196653366,
        "std": 20.77310562133789,
        "min": -121.60986328125,
        "max": 111.64784240722656
      },
      "z_tx_stats": {
        "mean": 0.001814275048673153,
        "std": 0.9999983310699463,
        "min": -5.832329750061035,
        "max": 4.701141834259033
      },
      "E_z_stats": {
        "mean": 431.55963134765625,
        "std": 313.8176574707031,
        "min": 24.860225677490234,
        "max": 2470.458251953125
      },
      "E_ztx_stats": {
        "mean": 1.0,
        "std": 0.6130195260047913,
        "min": 0.04754248261451721,
        "max": 7.054141044616699
      },
      "corr_A_I": 0.0,
      "corr_A_gamma_eff": 0.0,
      "corr_A_Importance": 0.0
    },
    "full": {
      "mode": "full",
      "channel_ctx": {
        "gamma_eff_db_stats": {
          "mean": 3.999999761581421,
          "std": 0.0,
          "min": 3.999999761581421,
          "max": 3.999999761581421
        },
        "gamma_eff_norm_stats": {
          "mean": 0.7529411911964417,
          "std": 0.0,
          "min": 0.7529411911964417,
          "max": 0.7529411911964417
        }
      },
      "I_stats": {
        "mean": 0.43076634407043457,
        "std": 0.15792684257030487,
        "min": 0.25046566128730774,
        "max": 0.8109530806541443
      },
      "A_stats": {
        "mean": 1.0,
        "std": 0.07495467364788055,
        "min": 0.8603307008743286,
        "max": 1.2453821897506714
      },
      "z_stats": {
        "mean": 0.4437945783138275,
        "std": 29.436330795288086,
        "min": -149.44972229003906,
        "max": 147.838134765625
      },
      "z_tx_stats": {
        "mean": 0.008005624637007713,
        "std": 0.9999679923057556,
        "min": -7.296764373779297,
        "max": 4.806983470916748
      },
      "E_z_stats": {
        "mean": 866.6945190429688,
        "std": 519.1585693359375,
        "min": 42.565452575683594,
        "max": 3611.2265625
      },
      "E_ztx_stats": {
        "mean": 1.0,
        "std": 0.6876223683357239,
        "min": 0.05270446091890335,
        "max": 8.266554832458496
      },
      "corr_A_I": 0.9110466241836548,
      "corr_A_gamma_eff": 0.0,
      "corr_A_Importance": 0.9110466241836548
    }
  },
  "comparisons_to_full": {
    "baseline": {
      "A_l1_mean_to_full": 0.06156372278928757,
      "corr_A_with_full_A": 0.0
    },
    "linear": {
      "A_l1_mean_to_full": 0.029922522604465485,
      "corr_A_with_full_A": 0.8375914692878723
    },
    "importance_only": {
      "A_l1_mean_to_full": 0.03196433186531067,
      "corr_A_with_full_A": 0.8281400203704834
    },
    "snr_only": {
      "A_l1_mean_to_full": 0.06156372278928757,
      "corr_A_with_full_A": 0.0
    }
  }
}