{
  "layer1": [
    0.08608754724264145,
    0.05577702075242996,
    0.12007299810647964,
    0.12932904064655304,
    0.4122587740421295,
    0.10995317250490189,
    0.0865214541554451
  ],
  "layer2": [
    0.0427769310772419,
    0.09963331371545792,
    0.15722016990184784,
    0.05173316225409508,
    0.3380495011806488,
    0.31058695912361145
  ]
}