{
  "layer1": [
    0.10860587656497955,
    0.06302297115325928,
    0.13531635701656342,
    0.1472662389278412,
    0.34719088673591614,
    0.1024535670876503,
    0.09614409506320953
  ],
  "layer2": [
    0.043261293321847916,
    0.11194435507059097,
    0.18109355866909027,
    0.05120014399290085,
    0.3402903079986572,
    0.2722102999687195
  ]
}