{
  "A_std": 0.07231263723224401,
  "A_range": 0.2488963697105646,
  "I_A_corr": 0.9983245953917503,
  "channel_rel_mean": 0.5,
  "delta_mean": 0.30000001192092896,
  "score_abs_mean": 0.21307068318128586
}