{
  "A_std": 0.07081421464681625,
  "A_range": 0.24530074186623096,
  "I_A_corr": 0.9983709827065468,
  "channel_rel_mean": 0.5,
  "delta_mean": 0.29999998211860657,
  "score_abs_mean": 0.2088806238025427
}