{
  "layer1": [
    0.15297679603099823,
    0.0692644789814949,
    0.16521871089935303,
    0.17047859728336334,
    0.21999916434288025,
    0.10147223621606827,
    0.120589978992939
  ],
  "layer2": [
    0.09508925676345825,
    0.19683237373828888,
    0.09508925676345825,
    0.13737791776657104,
    0.3023577630519867,
    0.1732533872127533
  ]
}