{
  "layer1": [
    0.16193285584449768,
    0.07138822227716446,
    0.16778522729873657,
    0.1713991016149521,
    0.2003200203180313,
    0.09947511553764343,
    0.12769941985607147
  ],
  "layer2": [
    0.0978865772485733,
    0.2041594535112381,
    0.0978865772485733,
    0.13656510412693024,
    0.300615519285202,
    0.16288679838180542
  ]
}