{
  "layer1": [
    0.10018815845251083,
    0.06012631952762604,
    0.12621185183525085,
    0.13963443040847778,
    0.3778136074542999,
    0.10425140708684921,
    0.09177420288324356
  ],
  "layer2": [
    0.04308145120739937,
    0.10661646723747253,
    0.17072457075119019,
    0.0514090396463871,
    0.33840909600257874,
    0.28975939750671387
  ]
}