{
  "layer1": [
    0.10178141295909882,
    0.05956842005252838,
    0.12439276278018951,
    0.139463409781456,
    0.36988043785095215,
    0.10192155838012695,
    0.10299202054738998
  ],
  "layer2": [
    0.04001414030790329,
    0.07160473614931107,
    0.18982823193073273,
    0.041865602135658264,
    0.3640676438808441,
    0.2926197052001953
  ]
}