{
  "layer1": [
    0.09963196516036987,
    0.06033920869231224,
    0.12486466020345688,
    0.14193834364414215,
    0.37566450238227844,
    0.100826695561409,
    0.09673458337783813
  ],
  "layer2": [
    0.0400426872074604,
    0.07122126966714859,
    0.18795301020145416,
    0.0419030524790287,
    0.36320626735687256,
    0.2956737279891968
  ]
}