{
  "meta": {
    "channel": "Rayleigh",
    "rician_k": 4.0,
    "rayleigh_equalize": false,
    "dataset": "cifar10",
    "image_size": 32,
    "batch_size": 16,
    "batch_index": 0,
    "sample_index": 0,
    "snr_db": 1.0,
    "budget": 1.0,
    "ratio": 0.1667,
    "latent_c": 8
  },
  "shared_channel_ctx": {
    "gamma_eff_db_stats": {
      "mean": -1.488572597503662,
      "std": 5.567800521850586,
      "min": -38.70997619628906,
      "max": 10.654333114624023
    },
    "gamma_eff_norm_stats": {
      "mean": 0.3892880380153656,
      "std": 0.14809319376945496,
      "min": 0.0,
      "max": 0.7329809665679932
    },
    "h_abs2_stats": {
      "mean": 1.0004644393920898,
      "std": 0.9946631193161011,
      "min": 0.00010690620547393337,
      "max": 9.234922409057617
    },
    "posteq_noise_var_stats": {
      "mean": 8.211673736572266,
      "std": 111.63087463378906,
      "min": 0.08601352572441101,
      "max": 7430.14111328125
    },
    "eq_quality_stats": {
      "mean": 1.2595102787017822,
      "std": 1.2522066831588745,
      "min": 0.00013458693865686655,
      "max": 11.626078605651855
    }
  },
  "modes": {
    "linear": {
      "mode": "linear",
      "channel_ctx": {
        "gamma_eff_db_stats": {
          "mean": -1.488572597503662,
          "std": 5.567800521850586,
          "min": -38.70997619628906,
          "max": 10.654333114624023
        },
        "gamma_eff_norm_stats": {
          "mean": 0.3892880380153656,
          "std": 0.14809319376945496,
          "min": 0.0,
          "max": 0.7329809665679932
        },
        "h_abs2_stats": {
          "mean": 1.0004644393920898,
          "std": 0.9946631193161011,
          "min": 0.00010690620547393337,
          "max": 9.234922409057617
        },
        "posteq_noise_var_stats": {
          "mean": 8.211673736572266,
          "std": 111.63087463378906,
          "min": 0.08601352572441101,
          "max": 7430.14111328125
        },
        "eq_quality_stats": {
          "mean": 1.2595102787017822,
          "std": 1.2522066831588745,
          "min": 0.00013458693865686655,
          "max": 11.626078605651855
        }
      },
      "I_stats": {
        "mean": 0.4467020034790039,
        "std": 0.1584608107805252,
        "min": 0.24978914856910706,
        "max": 0.8128553628921509
      },
      "channel_rel_stats": {
        "mean": 0.3892880380153656,
        "std": 0.14809319376945496,
        "min": 0.0,
        "max": 0.7329809665679932
      },
      "A_stats": {
        "mean": 1.0,
        "std": 0.07205582410097122,
        "min": 0.8773855566978455,
        "max": 1.2235225439071655
      },
      "z_stats": {
        "mean": 19.819393157958984,
        "std": 91.11500549316406,
        "min": -475.27716064453125,
        "max": 370.2721252441406
      },
      "z_g_stats": {
        "mean": 19.686195373535156,
        "std": 93.41078186035156,
        "min": -560.5401611328125,
        "max": 425.6841735839844
      },
      "z_tx_stats": {
        "mean": 0.2095026671886444,
        "std": 0.9778080582618713,
        "min": -5.398870468139648,
        "max": 3.8055684566497803
      },
      "E_z_stats": {
        "mean": 8694.751953125,
        "std": 3346.734619140625,
        "min": 3277.99609375,
        "max": 31863.642578125
      },
      "Ezg_stats": {
        "mean": 9113.1201171875,
        "std": 4930.73681640625,
        "min": 2885.456298828125,
        "max": 44321.5625
      },
      "E_ztx_stats": {
        "mean": 1.0,
        "std": 0.48813334107398987,
        "min": 0.27531296014785767,
        "max": 3.946185827255249
      },
      "A_hist": {
        "edges": [
          0.8773855566978455,
          0.9062303304672241,
          0.935075044631958,
          0.9639198184013367,
          0.9927645325660706,
          1.0216093063354492,
          1.050454020500183,
          1.0792988538742065,
          1.1081435680389404,
          1.1369882822036743,
          1.1658329963684082,
          1.1946778297424316,
          1.2235225439071655
        ],
        "counts": [
          29,
          166,
          222,
          144,
          121,
          99,
          86,
          56,
          37,
          31,
          28,
          5
        ]
      },
      "E_ztx_hist": {
        "edges": [
          0.27531296014785767,
          0.5812190175056458,
          0.8871251344680786,
          1.1930311918258667,
          1.4989372491836548,
          1.8048433065414429,
          2.1107494831085205,
          2.4166555404663086,
          2.7225615978240967,
          3.0284676551818848,
          3.334373712539673,
          3.640279769897461,
          3.946185827255249
        ],
        "counts": [
          144,
          392,
          229,
          128,
          53,
          33,
          26,
          10,
          5,
          1,
          1,
          2
        ]
      },
      "corr_A_I": 0.9508005380630493,
      "corr_A_gamma_eff": null,
      "mean_power_z": 8694.751953125,
      "mean_power_z_g": 9113.1201171875,
      "mean_power_z_tx": 1.0,
      "mean_abs_shift_gating": 4.661492347717285,
      "mean_abs_shift_tx_vs_pre": 74.01956176757812,
      "A_raw_stats": {
        "mean": -8.614733815193176e-09,
        "std": 0.1657891869544983,
        "min": -0.3038381040096283,
        "max": 0.5048255920410156
      },
      "rule1_usage": {
        "0": 99,
        "1": 17,
        "2": 69,
        "3": 140,
        "4": 563,
        "5": 58,
        "6": 78
      }
    },
    "importance_only": {
      "mode": "importance_only",
      "channel_ctx": {
        "gamma_eff_db_stats": {
          "mean": -1.488572597503662,
          "std": 5.567800521850586,
          "min": -38.70997619628906,
          "max": 10.654333114624023
        },
        "gamma_eff_norm_stats": {
          "mean": 0.3892880380153656,
          "std": 0.14809319376945496,
          "min": 0.0,
          "max": 0.7329809665679932
        },
        "h_abs2_stats": {
          "mean": 1.0004644393920898,
          "std": 0.9946631193161011,
          "min": 0.00010690620547393337,
          "max": 9.234922409057617
        },
        "posteq_noise_var_stats": {
          "mean": 8.211673736572266,
          "std": 111.63087463378906,
          "min": 0.08601352572441101,
          "max": 7430.14111328125
        },
        "eq_quality_stats": {
          "mean": 1.2595102787017822,
          "std": 1.2522066831588745,
          "min": 0.00013458693865686655,
          "max": 11.626078605651855
        }
      },
      "I_stats": {
        "mean": 0.43003416061401367,
        "std": 0.15824657678604126,
        "min": 0.25019991397857666,
        "max": 0.8129209280014038
      },
      "channel_rel_stats": null,
      "A_stats": {
        "mean": 1.0,
        "std": 0.07716929167509079,
        "min": 0.8727205991744995,
        "max": 1.2196122407913208
      },
      "z_stats": {
        "mean": 19.45610237121582,
        "std": 87.79971313476562,
        "min": -476.4148254394531,
        "max": 368.57818603515625
      },
      "z_g_stats": {
        "mean": 19.375476837158203,
        "std": 90.26412200927734,
        "min": -566.4312744140625,
        "max": 423.904052734375
      },
      "z_tx_stats": {
        "mean": 0.2134542465209961,
        "std": 0.9769530892372131,
        "min": -5.188007354736328,
        "max": 3.9724838733673096
      },
      "E_z_stats": {
        "mean": 8087.32861328125,
        "std": 3260.92919921875,
        "min": 3170.477783203125,
        "max": 33344.2890625
      },
      "Ezg_stats": {
        "mean": 8523.01953125,
        "std": 4868.81982421875,
        "min": 2973.073486328125,
        "max": 47135.203125
      },
      "E_ztx_stats": {
        "mean": 1.0,
        "std": 0.5156238675117493,
        "min": 0.2580083906650543,
        "max": 4.078119277954102
      },