{
  "meta": {
    "snr_db": 1.0,
    "channel": "Rayleigh"
  },
  "modes": {
    "baseline": {
      "mode": "baseline",
      "channel_ctx": {
        "gamma_eff_db_stats": {
          "mean": -1.604364037513733,
          "std": 5.6383280754089355,
          "min": -29.136247634887695,
          "max": 8.960089683532715
        },
        "gamma_eff_norm_stats": {
          "mean": 0.687007486820221,
          "std": 0.06633326411247253,
          "min": 0.3631029725074768,
          "max": 0.811295211315155
        }
      },
      "I_stats": {
        "mean": 0.7841982245445251,
        "std": 0.6205103993415833,
        "min": 0.00013546503032557666,
        "max": 5.030932903289795
      },
      "A_stats": {
        "mean": 1.0,
        "std": 0.0,
        "min": 1.0,
        "max": 1.0
      },
      "z_stats": {
        "mean": 0.15863960981369019,
        "std": 0.9873365759849548,
        "min": -4.401513576507568,
        "max": 5.030932903289795
      },
      "z_tx_stats": {
        "mean": 0.15863960981369019,
        "std": 0.9873365759849548,
        "min": -4.401513576507568,
        "max": 5.030932903289795
      },
      "E_z_stats": {
        "mean": 1.0,
        "std": 0.6044487953186035,
        "min": 0.08316205441951752,
        "max": 6.290404319763184
      },
      "E_ztx_stats": {
        "mean": 1.0,
        "std": 0.6044487953186035,
        "min": 0.08316205441951752,
        "max": 6.290404319763184
      },
      "corr_A_I": 0.0,
      "corr_A_gamma_eff": 0.0,
      "corr_A_Importance": 0.0
    },
    "linear": {
      "mode": "linear",
      "channel_ctx": {
        "gamma_eff_db_stats": {
          "mean": -1.604364037513733,
          "std": 5.6383280754089355,
          "min": -29.136247634887695,
          "max": 8.960089683532715
        },
        "gamma_eff_norm_stats": {
          "mean": 0.687007486820221,
          "std": 0.06633326411247253,
          "min": 0.3631029725074768,
          "max": 0.811295211315155
        }
      },
      "I_stats": {
        "mean": 0.4467020034790039,
        "std": 0.1584608107805252,
        "min": 0.24978914856910706,
        "max": 0.8128553628921509
      },
      "A_stats": {
        "mean": 1.0,
        "std": 0.07205582410097122,
        "min": 0.8773855566978455,
        "max": 1.2235225439071655
      },
      "z_stats": {
        "mean": 19.819393157958984,
        "std": 91.11500549316406,
        "min": -475.27716064453125,
        "max": 370.2721252441406
      },
      "z_tx_stats": {
        "mean": 0.2095026671886444,
        "std": 0.9778080582618713,
        "min": -5.398870468139648,
        "max": 3.8055684566497803
      },
      "E_z_stats": {
        "mean": 8694.751953125,
        "std": 3346.734619140625,
        "min": 3277.99609375,
        "max": 31863.642578125
      },
      "E_ztx_stats": {
        "mean": 1.0,
        "std": 0.48813334107398987,
        "min": 0.27531296014785767,
        "max": 3.946185827255249
      },
      "corr_A_I": 0.9508005380630493,
      "corr_A_gamma_eff": -0.1838504523038864,
      "corr_A_Importance": 0.9508005380630493
    },
    "importance_only": {
      "mode": "importance_only",
      "channel_ctx": {
        "gamma_eff_db_stats": {
          "mean": -1.604364037513733,
          "std": 5.6383280754089355,
          "min": -29.136247634887695,
          "max": 8.960089683532715
        },
        "gamma_eff_norm_stats": {
          "mean": 0.687007486820221,
          "std": 0.06633326411247253,
          "min": 0.3631029725074768,
          "max": 0.811295211315155
        }
      },
      "I_stats": {
        "mean": 0.43003416061401367,
        "std": 0.15824657678604126,
        "min": 0.25019991397857666,
        "max": 0.8129209280014038
      },
      "A_stats": {
        "mean": 1.0,
        "std": 0.07716929167509079,
        "min": 0.8727205991744995,
        "max": 1.2196122407913208
      },
      "z_stats": {
        "mean": 19.45610237121582,
        "std": 87.79971313476562,
        "min": -476.4148254394531,
        "max": 368.57818603515625
      },
      "z_tx_stats": {
        "mean": 0.2134542465209961,
        "std": 0.9769530892372131,
        "min": -5.188007354736328,
        "max": 3.9724838733673096
      },
      "E_z_stats": {
        "mean": 8087.32861328125,
        "std": 3260.92919921875,
        "min": 3170.477783203125,
        "max": 33344.2890625
      },
      "E_ztx_stats": {
        "mean": 1.0,
        "std": 0.5156238675117493,
        "min": 0.2580083906650543,
        "max": 4.078119277954102
      },
      "corr_A_I": 0.946139395236969,
      "corr_A_gamma_eff": -0.2476046085357666,
      "corr_A_Importance": 0.946139395236969
    },
    "snr_only": {
      "mode": "snr_only",
      "channel_ctx": {
        "gamma_eff_db_stats": {
          "mean": -1.604364037513733,
          "std": 5.6383280754089355,
          "min": -29.136247634887695,
          "max": 8.960089683532715
        },
        "gamma_eff_norm_stats": {
          "mean": 0.687007486820221,
          "std": 0.06633326411247253,
          "min": 0.3631029725074768,
          "max": 0.811295211315155
        }
      },
      "I_stats": {
        "mean": 0.5,
        "std": 0.0,
        "min": 0.5,
        "max": 0.5
      },
      "A_stats": {
        "mean": 1.0,
        "std": 0.022447438910603523,
        "min": 0.9572693705558777,
        "max": 1.0999150276184082
      },
      "z_stats": {
        "mean": 3.748196601867676,
        "std": 24.341819763183594,
        "min": -148.72409057617188,
        "max": 102.30381774902344
      },
      "z_tx_stats": {
        "mean": 0.15851867198944092,
        "std": 0.9873559474945068,
        "min": -4.297513008117676,
        "max": 5.090402126312256
      },
      "E_z_stats": {
        "mean": 606.5731201171875,
        "std": 410.8819274902344,
        "min": 46.37418746948242,
        "max": 2671.75732421875
      },
      "E_ztx_stats": {
        "mean": 1.0,
        "std": 0.605950117111206,
        "min": 0.08012087643146515,
        "max": 6.439996242523193
      },
      "corr_A_I": 0.0,
      "corr_A_gamma_eff": -0.09435403347015381,
      "corr_A_Importance": 0.0
    },
    "full": {
      "mode": "full",
      "channel_ctx": {
        "gamma_eff_db_stats": {
          "mean": -1.604364037513733,
          "std": 5.6383280754089355,
          "min": -29.136247634887695,
          "max": 8.960089683532715
        },
        "gamma_eff_norm_stats": {
          "mean": 0.687007486820221,
          "std": 0.06633326411247253,
          "min": 0.3631029725074768,
          "max": 0.811295211315155
        }
      },
      "I_stats": {
        "mean": 0.511559784412384,
        "std": 0.1452794373035431,
        "min": 0.2502751052379608,
        "max": 0.8118810057640076
      },
      "A_stats": {
        "mean": 1.0,
        "std": 0.08623384684324265,
        "min": 0.8391163945198059,
        "max": 1.2561118602752686
      },
      "z_stats": {
        "mean": 18.144147872924805,
        "std": 86.08084106445312,
        "min": -428.8353576660156,
        "max": 324.998046875
      },
      "z_tx_stats": {
        "mean": 0.20336253941059113,
        "std": 0.9791034460067749,
        "min": -5.1161909103393555,
        "max": 3.933591365814209
      },
      "E_z_stats": {
        "mean": 7739.1220703125,
        "std": 2733.864990234375,
        "min": 1138.64794921875,
        "max": 27889.03125
      },
      "E_ztx_stats": {
        "mean": 1.0,
        "std": 0.4725598096847534,
        "min": 0.10694868862628937,
        "max": 3.9695911407470703
      },
      "corr_A_I": 0.860381007194519,
      "corr_A_gamma_eff": -0.3218875825405121,
      "corr_A_Importance": 0.860381007194519
    }
  },
  "comparisons_to_full": {
    "baseline": {
      "A_l1_mean_to_full": 0.07151375710964203,
      "corr_A_with_full_A": 0.0
    },
    "linear": {
      "A_l1_mean_to_full": 0.03599351644515991,