{
  "meta": {
    "snr_db": 1.0,
    "channel": "Rayleigh"
  },
  "modes": {
    "baseline": {
      "mode": "baseline",
      "channel_ctx": {
        "gamma_eff_db_stats": {
          "mean": -1.5673000812530518,
          "std": 5.537607192993164,
          "min": -39.69272232055664,
          "max": 10.497268676757812
        },
        "gamma_eff_norm_stats": {
          "mean": 0.6874435544013977,
          "std": 0.06514832377433777,
          "min": 0.23890915513038635,
          "max": 0.8293796181678772
        }
      },
      "I_stats": {
        "mean": 0.7841982245445251,
        "std": 0.6205103993415833,
        "min": 0.00013546503032557666,
        "max": 5.030932903289795
      },
      "A_stats": {
        "mean": 1.0,
        "std": 0.0,
        "min": 1.0,
        "max": 1.0
      },
      "z_stats": {
        "mean": 0.15863960981369019,
        "std": 0.9873365759849548,
        "min": -4.401513576507568,
        "max": 5.030932903289795
      },
      "z_tx_stats": {
        "mean": 0.15863960981369019,
        "std": 0.9873365759849548,
        "min": -4.401513576507568,
        "max": 5.030932903289795
      },
      "E_z_stats": {
        "mean": 1.0,
        "std": 0.6044487953186035,
        "min": 0.08316205441951752,
        "max": 6.290404319763184
      },
      "E_ztx_stats": {
        "mean": 1.0,
        "std": 0.6044487953186035,
        "min": 0.08316205441951752,
        "max": 6.290404319763184
      },
      "corr_A_I": 0.0,
      "corr_A_gamma_eff": 0.0,
      "corr_A_Importance": 0.0
    },
    "linear": {
      "mode": "linear",
      "channel_ctx": {
        "gamma_eff_db_stats": {
          "mean": -1.5673000812530518,
          "std": 5.537607192993164,
          "min": -39.69272232055664,
          "max": 10.497268676757812
        },
        "gamma_eff_norm_stats": {
          "mean": 0.6874435544013977,
          "std": 0.06514832377433777,
          "min": 0.23890915513038635,
          "max": 0.8293796181678772
        }
      },
      "I_stats": {
        "mean": 0.4467020034790039,
        "std": 0.1584608107805252,
        "min": 0.24978914856910706,
        "max": 0.8128553628921509
      },
      "A_stats": {
        "mean": 1.0,
        "std": 0.07205582410097122,
        "min": 0.8773855566978455,
        "max": 1.2235225439071655
      },
      "z_stats": {
        "mean": 19.819393157958984,
        "std": 91.11500549316406,
        "min": -475.27716064453125,
        "max": 370.2721252441406
      },
      "z_tx_stats": {
        "mean": 0.2095026671886444,
        "std": 0.9778080582618713,
        "min": -5.398870468139648,
        "max": 3.8055684566497803
      },
      "E_z_stats": {
        "mean": 8694.751953125,
        "std": 3346.734619140625,
        "min": 3277.99609375,
        "max": 31863.642578125
      },
      "E_ztx_stats": {
        "mean": 1.0,
        "std": 0.48813334107398987,
        "min": 0.27531296014785767,
        "max": 3.946185827255249
      },
      "corr_A_I": 0.9508005380630493,
      "corr_A_gamma_eff": 0.021157830953598022,
      "corr_A_Importance": 0.9508005380630493
    },
    "importance_only": {
      "mode": "importance_only",
      "channel_ctx": {
        "gamma_eff_db_stats": {
          "mean": -1.5673000812530518,
          "std": 5.537607192993164,
          "min": -39.69272232055664,
          "max": 10.497268676757812
        },
        "gamma_eff_norm_stats": {
          "mean": 0.6874435544013977,
          "std": 0.06514832377433777,
          "min": 0.23890915513038635,
          "max": 0.8293796181678772
        }
      },
      "I_stats": {
        "mean": 0.43003416061401367,
        "std": 0.15824657678604126,
        "min": 0.25019991397857666,
        "max": 0.8129209280014038
      },
      "A_stats": {
        "mean": 1.0,
        "std": 0.07716929167509079,
        "min": 0.8727205991744995,
        "max": 1.2196122407913208
      },
      "z_stats": {
        "mean": 19.45610237121582,
        "std": 87.79971313476562,
        "min": -476.4148254394531,
        "max": 368.57818603515625
      },
      "z_tx_stats": {
        "mean": 0.2134542465209961,
        "std": 0.9769530892372131,
        "min": -5.188007354736328,
        "max": 3.9724838733673096
      },
      "E_z_stats": {
        "mean": 8087.32861328125,
        "std": 3260.92919921875,
        "min": 3170.477783203125,
        "max": 33344.2890625
      },
      "E_ztx_stats": {
        "mean": 1.0,
        "std": 0.5156238675117493,
        "min": 0.2580083906650543,
        "max": 4.078119277954102
      },
      "corr_A_I": 0.946139395236969,
      "corr_A_gamma_eff": 0.04404903203248978,
      "corr_A_Importance": 0.946139395236969
    },
    "snr_only": {
      "mode": "snr_only",
      "channel_ctx": {
        "gamma_eff_db_stats": {
          "mean": -1.5673000812530518,
          "std": 5.537607192993164,
          "min": -39.69272232055664,
          "max": 10.497268676757812
        },
        "gamma_eff_norm_stats": {
          "mean": 0.6874435544013977,
          "std": 0.06514832377433777,
          "min": 0.23890915513038635,
          "max": 0.8293796181678772
        }
      },
      "I_stats": {
        "mean": 0.5,
        "std": 0.0,
        "min": 0.5,
        "max": 0.5
      },
      "A_stats": {
        "mean": 1.0,
        "std": 0.0,
        "min": 1.0,
        "max": 1.0
      },
      "z_stats": {
        "mean": 3.748196601867676,
        "std": 24.341819763183594,
        "min": -148.72409057617188,
        "max": 102.30381774902344
      },
      "z_tx_stats": {
        "mean": 0.15863960981369019,
        "std": 0.9873365759849548,
        "min": -4.401513576507568,
        "max": 5.030932903289795
      },
      "E_z_stats": {
        "mean": 606.5731201171875,
        "std": 410.8819274902344,
        "min": 46.37418746948242,
        "max": 2671.75732421875
      },
      "E_ztx_stats": {
        "mean": 1.0,
        "std": 0.6044487953186035,
        "min": 0.08316204696893692,
        "max": 6.290403366088867
      },
      "corr_A_I": 0.0,
      "corr_A_gamma_eff": 0.0,
      "corr_A_Importance": 0.0
    },
    "full": {
      "mode": "full",
      "channel_ctx": {
        "gamma_eff_db_stats": {
          "mean": -1.5673000812530518,
          "std": 5.537607192993164,
          "min": -39.69272232055664,
          "max": 10.497268676757812
        },
        "gamma_eff_norm_stats": {
          "mean": 0.6874435544013977,
          "std": 0.06514832377433777,
          "min": 0.23890915513038635,
          "max": 0.8293796181678772
        }
      },
      "I_stats": {
        "mean": 0.511559784412384,
        "std": 0.1452794373035431,
        "min": 0.2502751052379608,
        "max": 0.8118810057640076
      },
      "A_stats": {
        "mean": 1.0,
        "std": 0.08216491341590881,
        "min": 0.8342065215110779,
        "max": 1.2237728834152222
      },
      "z_stats": {
        "mean": 18.144147872924805,
        "std": 86.08084106445312,
        "min": -428.8353576660156,
        "max": 324.998046875
      },
      "z_tx_stats": {
        "mean": 0.20362116396427155,
        "std": 0.979049801826477,
        "min": -5.023513317108154,
        "max": 3.9049434661865234
      },
      "E_z_stats": {
        "mean": 7739.1220703125,
        "std": 2733.864990234375,
        "min": 1138.64794921875,
        "max": 27889.03125
      },
      "E_ztx_stats": {
        "mean": 1.0,
        "std": 0.4691837728023529,
        "min": 0.10134023427963257,
        "max": 3.8270790576934814
      },
      "corr_A_I": 0.8929114937782288,
      "corr_A_gamma_eff": 0.011907274834811687,
      "corr_A_Importance": 0.8929114937782288
    }
  },
  "comparisons_to_full": {
    "baseline": {
      "A_l1_mean_to_full": 0.06797011196613312,
      "corr_A_with_full_A": 0.0
    },
    "linear": {
      "A_l1_mean_to_full": 0.029816610738635063,
      "corr_A_with_full_A": 0.8833537697792053
    },