{
  "A_std": 0.06724204123020172,
  "A_range": 0.3684130012989044,
  "I_A_corr": 0.9713550433516502,
  "channel_rel_mean": 0.6933115646243095,
  "delta_mean": 0.0,
  "score_abs_mean": 0.0
}