{
  "layer1": [
    0.1326366364955902,
    0.06522767245769501,
    0.1532438099384308,
    0.16204005479812622,
    0.26238393783569336,
    0.10350290685892105,
    0.12096494436264038
  ],
  "layer2": [
    0.08931310474872589,
    0.1816910207271576,
    0.08931310474872589,
    0.1390146166086197,
    0.3058456480503082,
    0.19482246041297913
  ]
}