{
  "layer1": [
    0.1398991346359253,
    0.06871925294399261,
    0.15747620165348053,
    0.16466489434242249,
    0.23923753201961517,
    0.10647911578416824,
    0.12352380901575089
  ],
  "layer2": [
    0.09259618818759918,
    0.18810030817985535,
    0.09081446379423141,
    0.13991017639636993,
    0.3045542538166046,
    0.1840246319770813
  ]
}