{
  "layer1": [
    0.11496759951114655,
    0.06075415760278702,
    0.13537414371967316,
    0.14899104833602905,
    0.3235754370689392,
    0.102969229221344,
    0.1133684441447258
  ],
  "layer2": [
    0.05037352070212364,
    0.1352899819612503,
    0.16728781163692474,
    0.06686433404684067,
    0.322418749332428,
    0.25776562094688416
  ]
}