{
  "meta": {
    "channel": "Rayleigh",
    "rician_k": 4.0,
    "rayleigh_equalize": false,
    "dataset": "cifar10",
    "image_size": 32,
    "batch_size": 16,
    "batch_index": 0,
    "sample_index": 0,
    "snr_db": 4.0,
    "budget": 1.0,
    "ratio": 0.1667,
    "latent_c": 8
  },
  "shared_channel_ctx": {
    "gamma_eff_db_stats": {
      "mean": 1.54176664352417,
      "std": 5.537865161895752,
      "min": -30.00960350036621,
      "max": 14.211057662963867
    },
    "gamma_eff_norm_stats": {
      "mean": 0.4738224744796753,
      "std": 0.15385957062244415,
      "min": 0.0,
      "max": 0.834601640701294
    },
    "h_abs2_stats": {
      "mean": 1.0133949518203735,
      "std": 1.020859718322754,
      "min": 0.0003972278500441462,
      "max": 10.497980117797852
    },
    "posteq_noise_var_stats": {
      "mean": 2.809340000152588,
      "std": 20.062231063842773,
      "min": 0.03792225942015648,
      "max": 1002.2135620117188
    },
    "eq_quality_stats": {
      "mean": 2.5455331802368164,
      "std": 2.564284086227417,
      "min": 0.0009977912995964289,
      "max": 26.36973762512207
    }
  },
  "modes": {
    "linear": {
      "mode": "linear",
      "channel_ctx": {
        "gamma_eff_db_stats": {
          "mean": 1.54176664352417,
          "std": 5.537865161895752,
          "min": -30.00960350036621,
          "max": 14.211057662963867
        },
        "gamma_eff_norm_stats": {
          "mean": 0.4738224744796753,
          "std": 0.15385957062244415,
          "min": 0.0,
          "max": 0.834601640701294
        },
        "h_abs2_stats": {
          "mean": 1.0133949518203735,
          "std": 1.020859718322754,
          "min": 0.0003972278500441462,
          "max": 10.497980117797852
        },
        "posteq_noise_var_stats": {
          "mean": 2.809340000152588,
          "std": 20.062231063842773,
          "min": 0.03792225942015648,
          "max": 1002.2135620117188
        },
        "eq_quality_stats": {
          "mean": 2.5455331802368164,
          "std": 2.564284086227417,
          "min": 0.0009977912995964289,
          "max": 26.36973762512207
        }
      },
      "I_stats": {
        "mean": 0.44965454936027527,
        "std": 0.1664455682039261,
        "min": 0.25096410512924194,
        "max": 0.8126662969589233
      },
      "channel_rel_stats": {
        "mean": 0.4738224744796753,
        "std": 0.15385957062244415,
        "min": 0.0,
        "max": 0.834601640701294
      },
      "A_stats": {
        "mean": 1.0,
        "std": 0.0636415183544159,
        "min": 0.8795584440231323,
        "max": 1.212990403175354
      },
      "z_stats": {
        "mean": -0.07051771879196167,
        "std": 88.5423583984375,
        "min": -475.060546875,
        "max": 482.7058410644531
      },
      "z_g_stats": {
        "mean": -0.07353007793426514,
        "std": 91.1220932006836,
        "min": -502.5074768066406,
        "max": 548.3248901367188
      },
      "z_tx_stats": {
        "mean": -0.0027262913063168526,
        "std": 0.9999962449073792,
        "min": -4.2652201652526855,
        "max": 6.193759918212891
      },
      "E_z_stats": {
        "mean": 7839.75390625,
        "std": 4456.47216796875,
        "min": 1025.8992919921875,
        "max": 35560.3203125
      },
      "Ezg_stats": {
        "mean": 8303.2392578125,
        "std": 5841.08447265625,
        "min": 1006.3095703125,
        "max": 49846.140625
      },
      "E_ztx_stats": {
        "mean": 1.0,
        "std": 0.6523366570472717,
        "min": 0.15278761088848114,
        "max": 7.68804407119751
      },
      "A_hist": {
        "edges": [
          0.8795584440231323,
          0.9073444604873657,
          0.9351304173469543,
          0.9629164338111877,
          0.9907024502754211,
          1.0184884071350098,
          1.0462744235992432,
          1.0740604400634766,
          1.10184645652771,
          1.1296324729919434,
          1.1574183702468872,
          1.1852043867111206,
          1.212990403175354
        ],
        "counts": [
          20,
          130,
          186,
          211,
          145,
          96,
          76,
          74,
          43,
          27,
          11,
          5
        ]
      },
      "E_ztx_hist": {
        "edges": [
          0.15278761088848114,
          0.7807256579399109,
          1.4086636304855347,
          2.0366017818450928,
          2.6645398139953613,
          3.29247784614563,
          3.9204158782958984,
          4.548353672027588,
          5.1762919425964355,
          5.804229736328125,
          6.432168006896973,
          7.060105800628662,
          7.68804407119751
        ],
        "counts": [
          464,
          365,
          136,
          38,
          10,
          5,
          4,
          0,
          1,
          0,
          0,
          1
        ]
      },
      "corr_A_I": 0.8954077363014221,
      "corr_A_gamma_eff": null,
      "mean_power_z": 7839.75390625,
      "mean_power_z_g": 8303.240234375,
      "mean_power_z_tx": 1.0,
      "mean_abs_shift_gating": 3.8058369159698486,
      "mean_abs_shift_tx_vs_pre": 68.39170837402344,
      "A_raw_stats": {
        "mean": -3.4924596548080444e-10,
        "std": 0.16399095952510834,
        "min": -0.33617162704467773,
        "max": 0.543923020362854
      },
      "rule1_usage": {
        "0": 116,
        "1": 21,
        "2": 60,
        "3": 161,
        "4": 561,
        "5": 62,
        "6": 43
      }
    },
    "importance_only": {
      "mode": "importance_only",
      "channel_ctx": {
        "gamma_eff_db_stats": {
          "mean": 1.54176664352417,
          "std": 5.537865161895752,
          "min": -30.00960350036621,
          "max": 14.211057662963867
        },
        "gamma_eff_norm_stats": {
          "mean": 0.4738224744796753,
          "std": 0.15385957062244415,
          "min": 0.0,
          "max": 0.834601640701294
        },
        "h_abs2_stats": {
          "mean": 1.0133949518203735,
          "std": 1.020859718322754,
          "min": 0.0003972278500441462,
          "max": 10.497980117797852
        },
        "posteq_noise_var_stats": {
          "mean": 2.809340000152588,
          "std": 20.062231063842773,
          "min": 0.03792225942015648,
          "max": 1002.2135620117188
        },
        "eq_quality_stats": {
          "mean": 2.5455331802368164,
          "std": 2.564284086227417,
          "min": 0.0009977912995964289,
          "max": 26.36973762512207
        }
      },
      "I_stats": {
        "mean": 0.4365851879119873,
        "std": 0.16336394846439362,
        "min": 0.2505129873752594,
        "max": 0.8128165602684021
      },
      "channel_rel_stats": null,
      "A_stats": {
        "mean": 1.0,
        "std": 0.07637402415275574,
        "min": 0.8642777800559998,
        "max": 1.230066180229187
      },
      "z_stats": {
        "mean": 0.3767469525337219,
        "std": 84.82594299316406,
        "min": -453.6775207519531,
        "max": 440.5482177734375
      },
      "z_g_stats": {
        "mean": 0.41122907400131226,
        "std": 87.88398742675781,
        "min": -497.1896057128906,
        "max": 504.83172607421875
      },
      "z_tx_stats": {
        "mean": 0.0011503957211971283,
        "std": 0.9999993443489075,
        "min": -4.379918575286865,
        "max": 7.098562240600586
      },
      "E_z_stats": {
        "mean": 7195.58251953125,
        "std": 4226.67724609375,
        "min": 969.6244506835938,
        "max": 35780.2890625
      },
      "Ezg_stats": {
        "mean": 7723.763671875,
        "std": 5787.3583984375,
        "min": 950.058349609375,
        "max": 51883.4453125
      },
      "E_ztx_stats": {
        "mean": 1.0,
        "std": 0.7071313261985779,
        "min": 0.16715340316295624,
        "max": 8.83608341217041
      },