{
  "meta": {
    "snr_db": 4.0,
    "channel": "Rayleigh"
  },
  "modes": {
    "baseline": {
      "mode": "baseline",
      "channel_ctx": {
        "gamma_eff_db_stats": {
          "mean": 1.298506736755371,
          "std": 5.910282611846924,
          "min": -28.196151733398438,
          "max": 13.3176908493042
        },
        "gamma_eff_norm_stats": {
          "mean": 0.7211589217185974,
          "std": 0.06953274458646774,
          "min": 0.3741629421710968,
          "max": 0.862561047077179
        }
      },
      "I_stats": {
        "mean": 0.7841982245445251,
        "std": 0.6205103993415833,
        "min": 0.00013546503032557666,
        "max": 5.030932903289795
      },
      "A_stats": {
        "mean": 1.0,
        "std": 0.0,
        "min": 1.0,
        "max": 1.0
      },
      "z_stats": {
        "mean": 0.15863960981369019,
        "std": 0.9873365759849548,
        "min": -4.401513576507568,
        "max": 5.030932903289795
      },
      "z_tx_stats": {
        "mean": 0.15863960981369019,
        "std": 0.9873365759849548,
        "min": -4.401513576507568,
        "max": 5.030932903289795
      },
      "E_z_stats": {
        "mean": 1.0,
        "std": 0.6044487953186035,
        "min": 0.08316205441951752,
        "max": 6.290404319763184
      },
      "E_ztx_stats": {
        "mean": 1.0,
        "std": 0.6044487953186035,
        "min": 0.08316205441951752,
        "max": 6.290404319763184
      },
      "corr_A_I": 0.0,
      "corr_A_gamma_eff": 0.0,
      "corr_A_Importance": 0.0
    },
    "linear": {
      "mode": "linear",
      "channel_ctx": {
        "gamma_eff_db_stats": {
          "mean": 1.298506736755371,
          "std": 5.910282611846924,
          "min": -28.196151733398438,
          "max": 13.3176908493042
        },
        "gamma_eff_norm_stats": {
          "mean": 0.7211589217185974,
          "std": 0.06953274458646774,
          "min": 0.3741629421710968,
          "max": 0.862561047077179
        }
      },
      "I_stats": {
        "mean": 0.46773386001586914,
        "std": 0.16442570090293884,
        "min": 0.2513822019100189,
        "max": 0.8129180073738098
      },
      "A_stats": {
        "mean": 1.0,
        "std": 0.0633772537112236,
        "min": 0.883569061756134,
        "max": 1.1906185150146484
      },
      "z_stats": {
        "mean": 5.487456798553467,
        "std": 347.9447937011719,
        "min": -1637.9166259765625,
        "max": 1820.86376953125
      },
      "z_tx_stats": {
        "mean": 0.017744455486536026,
        "std": 0.9998425245285034,
        "min": -4.396418571472168,
        "max": 5.730777740478516
      },
      "E_z_stats": {
        "mean": 121095.6875,
        "std": 67397.4296875,
        "min": 14387.5849609375,
        "max": 495935.375
      },
      "E_ztx_stats": {
        "mean": 1.0,
        "std": 0.6311107873916626,
        "min": 0.05949314683675766,
        "max": 4.928402900695801
      },
      "corr_A_I": 0.9039899706840515,
      "corr_A_gamma_eff": -0.16580301523208618,
      "corr_A_Importance": 0.9039899706840515
    },
    "importance_only": {
      "mode": "importance_only",
      "channel_ctx": {
        "gamma_eff_db_stats": {
          "mean": 1.298506736755371,
          "std": 5.910282611846924,
          "min": -28.196151733398438,
          "max": 13.3176908493042
        },
        "gamma_eff_norm_stats": {
          "mean": 0.7211589217185974,
          "std": 0.06953274458646774,
          "min": 0.3741629421710968,
          "max": 0.862561047077179
        }
      },
      "I_stats": {
        "mean": 0.45433416962623596,
        "std": 0.16598598659038544,
        "min": 0.25125670433044434,
        "max": 0.8124001622200012
      },
      "A_stats": {
        "mean": 1.0,
        "std": 0.07662911713123322,
        "min": 0.8679747581481934,
        "max": 1.2091083526611328
      },
      "z_stats": {
        "mean": 4.313495635986328,
        "std": 353.7023620605469,
        "min": -1646.594482421875,
        "max": 1854.6307373046875
      },
      "z_tx_stats": {
        "mean": 0.012910113669931889,
        "std": 0.9999166131019592,
        "min": -4.378498554229736,
        "max": 5.724221229553223
      },
      "E_z_stats": {
        "mean": 125123.96875,
        "std": 73983.5625,
        "min": 12708.556640625,
        "max": 539914.5
      },
      "E_ztx_stats": {
        "mean": 1.0,
        "std": 0.6884632110595703,
        "min": 0.04717196524143219,
        "max": 5.296027183532715
      },
      "corr_A_I": 0.9036327004432678,
      "corr_A_gamma_eff": 0.009436007589101791,
      "corr_A_Importance": 0.9036327004432678
    },
    "snr_only": {
      "mode": "snr_only",
      "channel_ctx": {
        "gamma_eff_db_stats": {
          "mean": 1.298506736755371,
          "std": 5.910282611846924,
          "min": -28.196151733398438,
          "max": 13.3176908493042
        },
        "gamma_eff_norm_stats": {
          "mean": 0.7211589217185974,
          "std": 0.06953274458646774,
          "min": 0.3741629421710968,
          "max": 0.862561047077179
        }
      },
      "I_stats": {
        "mean": 0.5,
        "std": 0.0,
        "min": 0.5,
        "max": 0.5
      },
      "A_stats": {
        "mean": 1.0,
        "std": 0.02077450416982174,
        "min": 0.9653552770614624,
        "max": 1.1038073301315308
      },
      "z_stats": {
        "mean": 14.373229026794434,
        "std": 68.7114486694336,
        "min": -305.694091796875,
        "max": 339.6089172363281
      },
      "z_tx_stats": {
        "mean": 0.2093210071325302,
        "std": 0.9778469800949097,
        "min": -4.315451145172119,
        "max": 5.233544826507568
      },
      "E_z_stats": {
        "mean": 4927.85302734375,
        "std": 3444.003173828125,
        "min": 354.9510803222656,
        "max": 26388.517578125
      },
      "E_ztx_stats": {
        "mean": 1.0,
        "std": 0.6202486157417297,
        "min": 0.10633932799100876,
        "max": 7.023630619049072
      },
      "corr_A_I": 0.0,
      "corr_A_gamma_eff": -0.33533746004104614,
      "corr_A_Importance": 0.0
    },
    "full": {
      "mode": "full",
      "channel_ctx": {
        "gamma_eff_db_stats": {
          "mean": 1.298506736755371,
          "std": 5.910282611846924,
          "min": -28.196151733398438,
          "max": 13.3176908493042
        },
        "gamma_eff_norm_stats": {
          "mean": 0.7211589217185974,
          "std": 0.06953274458646774,
          "min": 0.3741629421710968,
          "max": 0.862561047077179
        }
      },
      "I_stats": {
        "mean": 0.47513848543167114,
        "std": 0.16506150364875793,
        "min": 0.25048813223838806,
        "max": 0.812287449836731
      },
      "A_stats": {
        "mean": 1.0,
        "std": 0.08222982287406921,
        "min": 0.8386927843093872,
        "max": 1.2794265747070312
      },
      "z_stats": {
        "mean": 6.184544563293457,
        "std": 346.0845642089844,
        "min": -1611.3131103515625,
        "max": 1754.2852783203125
      },
      "z_tx_stats": {
        "mean": 0.01980600878596306,
        "std": 0.999803900718689,
        "min": -4.264401435852051,
        "max": 5.369595527648926
      },
      "E_z_stats": {
        "mean": 119812.765625,
        "std": 63474.4296875,
        "min": 15017.134765625,
        "max": 482024.5
      },
      "E_ztx_stats": {
        "mean": 1.0,
        "std": 0.6377890110015869,
        "min": 0.06092780828475952,
        "max": 4.656370162963867
      },
      "corr_A_I": 0.8640406727790833,
      "corr_A_gamma_eff": -0.024630963802337646,
      "corr_A_Importance": 0.8640406727790833
    }
  },
  "comparisons_to_full": {
    "baseline": {
      "A_l1_mean_to_full": 0.06916195899248123,
      "corr_A_with_full_A": 0.0
    },
    "linear": {
      "A_l1_mean_to_full": 0.024043049663305283,
      "corr_A_with_full_A": 0.9433221817016602
    },