{
  "meta": {
    "channel": "Rayleigh",
    "rician_k": 4.0,
    "rayleigh_equalize": false,
    "dataset": "cifar10",
    "image_size": 32,
    "batch_size": 16,
    "batch_index": 0,
    "sample_index": 0,
    "snr_db": 4.0,
    "budget": 1.0,
    "ratio": 0.1667,
    "latent_c": 8
  },
  "shared_channel_ctx": {
    "gamma_eff_db_stats": {
      "mean": 1.4681775569915771,
      "std": 5.550512313842773,
      "min": -44.220882415771484,
      "max": 14.275927543640137
    },
    "gamma_eff_norm_stats": {
      "mean": 0.4720546007156372,
      "std": 0.1526252180337906,
      "min": 0.0,
      "max": 0.8364551067352295
    },
    "h_abs2_stats": {
      "mean": 0.9922066330909729,
      "std": 0.995345413684845,
      "min": 1.5063023056427483e-05,
      "max": 10.655962944030762
    },
    "posteq_noise_var_stats": {
      "mean": 6.1796722412109375,
      "std": 245.59556579589844,
      "min": 0.03736003488302231,
      "max": 26429.431640625
    },
    "eq_quality_stats": {
      "mean": 2.4923107624053955,
      "std": 2.500195026397705,
      "min": 3.7836605770280585e-05,
      "max": 26.766571044921875
    }
  },
  "modes": {
    "linear": {
      "mode": "linear",
      "channel_ctx": {
        "gamma_eff_db_stats": {
          "mean": 1.4681775569915771,
          "std": 5.550512313842773,
          "min": -44.220882415771484,
          "max": 14.275927543640137
        },
        "gamma_eff_norm_stats": {
          "mean": 0.4720546007156372,
          "std": 0.1526252180337906,
          "min": 0.0,
          "max": 0.8364551067352295
        },
        "h_abs2_stats": {
          "mean": 0.9922066330909729,
          "std": 0.995345413684845,
          "min": 1.5063023056427483e-05,
          "max": 10.655962944030762
        },
        "posteq_noise_var_stats": {
          "mean": 6.1796722412109375,
          "std": 245.59556579589844,
          "min": 0.03736003488302231,
          "max": 26429.431640625
        },
        "eq_quality_stats": {
          "mean": 2.4923107624053955,
          "std": 2.500195026397705,
          "min": 3.7836605770280585e-05,
          "max": 26.766571044921875
        }
      },
      "I_stats": {
        "mean": 0.4467020034790039,
        "std": 0.1584608107805252,
        "min": 0.24978914856910706,
        "max": 0.8128553628921509
      },
      "channel_rel_stats": {
        "mean": 0.4720546007156372,
        "std": 0.1526252180337906,
        "min": 0.0,
        "max": 0.8364551067352295
      },
      "A_stats": {
        "mean": 0.9999999403953552,
        "std": 0.06444814056158066,
        "min": 0.8895518183708191,
        "max": 1.1984128952026367
      },
      "z_stats": {
        "mean": 19.819393157958984,
        "std": 91.11500549316406,
        "min": -475.27716064453125,
        "max": 370.2721252441406
      },
      "z_g_stats": {
        "mean": 19.70041275024414,
        "std": 93.14051818847656,
        "min": -551.1763305664062,
        "max": 419.701416015625
      },
      "z_tx_stats": {
        "mean": 0.21020638942718506,
        "std": 0.9776570200920105,
        "min": -5.312985897064209,
        "max": 3.7662951946258545
      },
      "E_z_stats": {
        "mean": 8694.751953125,
        "std": 3346.734619140625,
        "min": 3277.99609375,
        "max": 31863.642578125
      },
      "Ezg_stats": {
        "mean": 9063.2626953125,
        "std": 4744.86376953125,
        "min": 2939.910400390625,
        "max": 42853.140625
      },
      "E_ztx_stats": {
        "mean": 1.0,
        "std": 0.46953126788139343,
        "min": 0.2828308045864105,
        "max": 3.8056998252868652
      },
      "A_hist": {
        "edges": [
          0.8895518183708191,
          0.9152902364730835,
          0.9410286545753479,
          0.9667670726776123,
          0.9925054907798767,
          1.0182439088821411,
          1.0439823865890503,
          1.06972074508667,
          1.095459222793579,
          1.1211975812911987,
          1.146936058998108,
          1.1726744174957275,
          1.1984128952026367
        ],
        "counts": [
          24,
          167,
          218,
          149,
          117,
          99,
          89,
          58,
          39,
          30,
          29,
          5
        ]
      },
      "E_ztx_hist": {
        "edges": [
          0.2828308045864105,
          0.5764032006263733,
          0.8699756264686584,
          1.1635481119155884,
          1.457120418548584,
          1.7506928443908691,
          2.0442652702331543,
          2.3378376960754395,
          2.6314101219177246,
          2.9249825477600098,
          3.218554973602295,
          3.51212739944458,
          3.8056998252868652
        ],
        "counts": [
          120,
          387,
          245,
          137,
          55,
          33,
          28,
          8,
          7,
          1,
          1,
          2
        ]
      },
      "corr_A_I": 0.9508827328681946,
      "corr_A_gamma_eff": null,
      "mean_power_z": 8694.751953125,
      "mean_power_z_g": 9063.263671875,
      "mean_power_z_tx": 1.0,
      "mean_abs_shift_gating": 4.172002792358398,
      "mean_abs_shift_tx_vs_pre": 74.01828002929688,
      "A_raw_stats": {
        "mean": -8.614733815193176e-09,
        "std": 0.1657891869544983,
        "min": -0.3038381040096283,
        "max": 0.5048255920410156
      },
      "rule1_usage": {
        "0": 99,
        "1": 17,
        "2": 69,
        "3": 140,
        "4": 563,
        "5": 58,
        "6": 78
      }
    },
    "importance_only": {
      "mode": "importance_only",
      "channel_ctx": {
        "gamma_eff_db_stats": {
          "mean": 1.4681775569915771,
          "std": 5.550512313842773,
          "min": -44.220882415771484,
          "max": 14.275927543640137
        },
        "gamma_eff_norm_stats": {
          "mean": 0.4720546007156372,
          "std": 0.1526252180337906,
          "min": 0.0,
          "max": 0.8364551067352295
        },
        "h_abs2_stats": {
          "mean": 0.9922066330909729,
          "std": 0.995345413684845,
          "min": 1.5063023056427483e-05,
          "max": 10.655962944030762
        },
        "posteq_noise_var_stats": {
          "mean": 6.1796722412109375,
          "std": 245.59556579589844,
          "min": 0.03736003488302231,
          "max": 26429.431640625
        },
        "eq_quality_stats": {
          "mean": 2.4923107624053955,
          "std": 2.500195026397705,
          "min": 3.7836605770280585e-05,
          "max": 26.766571044921875
        }
      },
      "I_stats": {
        "mean": 0.43003416061401367,
        "std": 0.15824657678604126,
        "min": 0.25019991397857666,
        "max": 0.8129209280014038
      },
      "channel_rel_stats": null,
      "A_stats": {
        "mean": 1.0,
        "std": 0.07716929167509079,
        "min": 0.8727205991744995,
        "max": 1.2196122407913208
      },
      "z_stats": {
        "mean": 19.45610237121582,
        "std": 87.79971313476562,
        "min": -476.4148254394531,
        "max": 368.57818603515625
      },
      "z_g_stats": {
        "mean": 19.375476837158203,
        "std": 90.26412200927734,
        "min": -566.4312744140625,
        "max": 423.904052734375
      },
      "z_tx_stats": {
        "mean": 0.2134542465209961,
        "std": 0.9769530892372131,
        "min": -5.188007354736328,
        "max": 3.9724838733673096
      },
      "E_z_stats": {
        "mean": 8087.32861328125,
        "std": 3260.92919921875,
        "min": 3170.477783203125,
        "max": 33344.2890625
      },
      "Ezg_stats": {
        "mean": 8523.01953125,
        "std": 4868.81982421875,
        "min": 2973.073486328125,
        "max": 47135.203125
      },
      "E_ztx_stats": {
        "mean": 1.0,
        "std": 0.5156238675117493,
        "min": 0.2580083906650543,
        "max": 4.078119277954102
      },