{
  "layer1": [
    0.0938950777053833,
    0.06170500069856644,
    0.12659771740436554,
    0.1424102932214737,
    0.3794136643409729,
    0.10138024389743805,
    0.09459799528121948
  ],
  "layer2": [
    0.08375512063503265,
    0.1445687711238861,
    0.0695209950208664,
    0.1549304574728012,
    0.29743140935897827,
    0.24979327619075775
  ]
}