snr_db,a_std
1.0,0.116725
4.0,0.099535
7.0,0.088805
10.0,0.068055
