{
  "A_std": 0.07467739097774029,
  "A_range": 0.25476405769586563,
  "I_A_corr": 0.9982963725924492,
  "channel_rel_mean": 0.5,
  "delta_mean": 0.30000001192092896,
  "score_abs_mean": 0.220339709892869
}