{
  "layer1": [
    0.13211320340633392,
    0.06650707125663757,
    0.15497876703739166,
    0.16251061856746674,
    0.2535834312438965,
    0.11150455474853516,
    0.11880240589380264
  ],
  "layer2": [
    0.08958174288272858,
    0.1824227124452591,
    0.08958174288272858,
    0.13902892172336578,
    0.30592671036720276,
    0.19345825910568237
  ]
}