{
  "meta": {
    "channel": "Rayleigh",
    "rician_k": 4.0,
    "rayleigh_equalize": false,
    "dataset": "cifar10",
    "image_size": 32,
    "batch_size": 16,
    "batch_index": 0,
    "sample_index": 0,
    "snr_db": 7.0,
    "budget": 1.0,
    "ratio": 0.1667,
    "latent_c": 8
  },
  "shared_channel_ctx": {
    "gamma_eff_db_stats": {
      "mean": 4.531641960144043,
      "std": 5.576016902923584,
      "min": -46.34038543701172,
      "max": 16.971385955810547
    },
    "gamma_eff_norm_stats": {
      "mean": 0.5588947534561157,
      "std": 0.1555090993642807,
      "min": 0.0,
      "max": 0.9134681820869446
    },
    "h_abs2_stats": {
      "mean": 1.0092759132385254,
      "std": 1.0087518692016602,
      "min": 4.63406058770488e-06,
      "max": 9.934330940246582
    },
    "posteq_noise_var_stats": {
      "mean": 4.887654781341553,
      "std": 340.08868408203125,
      "min": 0.02008451707661152,
      "max": 43056.45703125
    },
    "eq_quality_stats": {
      "mean": 5.058361530303955,
      "std": 5.0557355880737305,
      "min": 2.32253205467714e-05,
      "max": 49.78959655761719
    }
  },
  "modes": {
    "linear": {
      "mode": "linear",
      "channel_ctx": {
        "gamma_eff_db_stats": {
          "mean": 4.531641960144043,
          "std": 5.576016902923584,
          "min": -46.34038543701172,
          "max": 16.971385955810547
        },
        "gamma_eff_norm_stats": {
          "mean": 0.5588947534561157,
          "std": 0.1555090993642807,
          "min": 0.0,
          "max": 0.9134681820869446
        },
        "h_abs2_stats": {
          "mean": 1.0092759132385254,
          "std": 1.0087518692016602,
          "min": 4.63406058770488e-06,
          "max": 9.934330940246582
        },
        "posteq_noise_var_stats": {
          "mean": 4.887654781341553,
          "std": 340.08868408203125,
          "min": 0.02008451707661152,
          "max": 43056.45703125
        },
        "eq_quality_stats": {
          "mean": 5.058361530303955,
          "std": 5.0557355880737305,
          "min": 2.32253205467714e-05,
          "max": 49.78959655761719
        }
      },
      "I_stats": {
        "mean": 0.4467020034790039,
        "std": 0.1584608107805252,
        "min": 0.24978914856910706,
        "max": 0.8128553628921509
      },
      "channel_rel_stats": {
        "mean": 0.5588947534561157,
        "std": 0.1555090993642807,
        "min": 0.0,
        "max": 0.9134681820869446
      },
      "A_stats": {
        "mean": 1.0,
        "std": 0.05687616765499115,
        "min": 0.9018369913101196,
        "max": 1.1737816333770752
      },
      "z_stats": {
        "mean": 19.819393157958984,
        "std": 91.11500549316406,
        "min": -475.27716064453125,
        "max": 370.2721252441406
      },
      "z_g_stats": {
        "mean": 19.714529037475586,
        "std": 92.87801361083984,
        "min": -541.9407958984375,
        "max": 413.77679443359375
      },
      "z_tx_stats": {
        "mean": 0.21089620888233185,
        "std": 0.9775084257125854,
        "min": -5.227783203125,
        "max": 3.7268564701080322
      },
      "E_z_stats": {
        "mean": 8694.751953125,
        "std": 3346.734619140625,
        "min": 3277.99609375,
        "max": 31863.642578125
      },
      "Ezg_stats": {
        "mean": 9014.98828125,
        "std": 4564.08447265625,
        "min": 2994.947265625,
        "max": 41429.0703125
      },
      "E_ztx_stats": {
        "mean": 1.0,
        "std": 0.4511568248271942,
        "min": 0.29048046469688416,
        "max": 3.6694703102111816
      },
      "A_hist": {
        "edges": [
          0.9018369913101196,
          0.9244990348815918,
          0.947161078453064,
          0.9698231220245361,
          0.9924852252006531,
          1.0151472091674805,
          1.0378093719482422,
          1.0604714155197144,
          1.0831334590911865,
          1.1057955026626587,
          1.1284575462341309,
          1.151119589805603,
          1.1737816333770752
        ],
        "counts": [
          22,
          168,
          210,
          148,
          116,
          104,
          91,
          60,
          39,
          32,
          29,
          5
        ]
      },
      "E_ztx_hist": {
        "edges": [
          0.29048046469688416,
          0.5720629692077637,
          0.8536454439163208,
          1.135227918624878,
          1.416810393333435,
          1.6983928680419922,
          1.9799753427505493,
          2.2615578174591064,
          2.543140411376953,
          2.8247227668762207,
          3.1063053607940674,
          3.387887716293335,
          3.6694703102111816
        ],
        "counts": [
          98,
          380,
          253,
          153,
          57,
          35,
          28,
          9,
          6,
          2,
          1,
          2
        ]
      },
      "corr_A_I": 0.950950562953949,
      "corr_A_gamma_eff": null,
      "mean_power_z": 8694.751953125,
      "mean_power_z_g": 9014.98828125,
      "mean_power_z_tx": 1.0,
      "mean_abs_shift_gating": 3.6841509342193604,
      "mean_abs_shift_tx_vs_pre": 74.01705169677734,
      "A_raw_stats": {
        "mean": -8.614733815193176e-09,
        "std": 0.1657891869544983,
        "min": -0.3038381040096283,
        "max": 0.5048255920410156
      },
      "rule1_usage": {
        "0": 99,
        "1": 17,
        "2": 69,
        "3": 140,
        "4": 563,
        "5": 58,
        "6": 78
      }
    },
    "importance_only": {
      "mode": "importance_only",
      "channel_ctx": {
        "gamma_eff_db_stats": {
          "mean": 4.531641960144043,
          "std": 5.576016902923584,
          "min": -46.34038543701172,
          "max": 16.971385955810547
        },
        "gamma_eff_norm_stats": {
          "mean": 0.5588947534561157,
          "std": 0.1555090993642807,
          "min": 0.0,
          "max": 0.9134681820869446
        },
        "h_abs2_stats": {
          "mean": 1.0092759132385254,
          "std": 1.0087518692016602,
          "min": 4.63406058770488e-06,
          "max": 9.934330940246582
        },
        "posteq_noise_var_stats": {
          "mean": 4.887654781341553,
          "std": 340.08868408203125,
          "min": 0.02008451707661152,
          "max": 43056.45703125
        },
        "eq_quality_stats": {
          "mean": 5.058361530303955,
          "std": 5.0557355880737305,
          "min": 2.32253205467714e-05,
          "max": 49.78959655761719
        }
      },
      "I_stats": {
        "mean": 0.43003416061401367,
        "std": 0.15824657678604126,
        "min": 0.25019991397857666,
        "max": 0.8129209280014038
      },
      "channel_rel_stats": null,
      "A_stats": {
        "mean": 1.0,
        "std": 0.07716929167509079,
        "min": 0.8727205991744995,
        "max": 1.2196122407913208
      },
      "z_stats": {
        "mean": 19.45610237121582,
        "std": 87.79971313476562,
        "min": -476.4148254394531,
        "max": 368.57818603515625
      },
      "z_g_stats": {
        "mean": 19.375476837158203,
        "std": 90.26412200927734,
        "min": -566.4312744140625,
        "max": 423.904052734375
      },
      "z_tx_stats": {
        "mean": 0.2134542465209961,
        "std": 0.9769530892372131,
        "min": -5.188007354736328,
        "max": 3.9724838733673096
      },
      "E_z_stats": {
        "mean": 8087.32861328125,
        "std": 3260.92919921875,
        "min": 3170.477783203125,
        "max": 33344.2890625
      },
      "Ezg_stats": {
        "mean": 8523.01953125,
        "std": 4868.81982421875,
        "min": 2973.073486328125,
        "max": 47135.203125
      },
      "E_ztx_stats": {
        "mean": 1.0,
        "std": 0.5156238675117493,
        "min": 0.2580083906650543,
        "max": 4.078119277954102
      },