{
  "meta": {
    "snr_db": 7.0,
    "channel": "Rayleigh"
  },
  "modes": {
    "baseline": {
      "mode": "baseline",
      "channel_ctx": {
        "gamma_eff_db_stats": {
          "mean": 4.590744972229004,
          "std": 5.755352973937988,
          "min": -23.51592254638672,
          "max": 15.736661911010742
        },
        "gamma_eff_norm_stats": {
          "mean": 0.7598910927772522,
          "std": 0.0677100270986557,
          "min": 0.4292244613170624,
          "max": 0.8910195827484131
        }
      },
      "I_stats": {
        "mean": 0.7841982245445251,
        "std": 0.6205103993415833,
        "min": 0.00013546503032557666,
        "max": 5.030932903289795
      },
      "A_stats": {
        "mean": 1.0,
        "std": 0.0,
        "min": 1.0,
        "max": 1.0
      },
      "z_stats": {
        "mean": 0.15863960981369019,
        "std": 0.9873365759849548,
        "min": -4.401513576507568,
        "max": 5.030932903289795
      },
      "z_tx_stats": {
        "mean": 0.15863960981369019,
        "std": 0.9873365759849548,
        "min": -4.401513576507568,
        "max": 5.030932903289795
      },
      "E_z_stats": {
        "mean": 1.0,
        "std": 0.6044487953186035,
        "min": 0.08316205441951752,
        "max": 6.290404319763184
      },
      "E_ztx_stats": {
        "mean": 1.0,
        "std": 0.6044487953186035,
        "min": 0.08316205441951752,
        "max": 6.290404319763184
      },
      "corr_A_I": 0.0,
      "corr_A_gamma_eff": 0.0,
      "corr_A_Importance": 0.0
    },
    "linear": {
      "mode": "linear",
      "channel_ctx": {
        "gamma_eff_db_stats": {
          "mean": 4.590744972229004,
          "std": 5.755352973937988,
          "min": -23.51592254638672,
          "max": 15.736661911010742
        },
        "gamma_eff_norm_stats": {
          "mean": 0.7598910927772522,
          "std": 0.0677100270986557,
          "min": 0.4292244613170624,
          "max": 0.8910195827484131
        }
      },
      "I_stats": {
        "mean": 0.4467020034790039,
        "std": 0.1584608107805252,
        "min": 0.24978914856910706,
        "max": 0.8128553628921509
      },
      "A_stats": {
        "mean": 1.0,
        "std": 0.05687616765499115,
        "min": 0.9018369913101196,
        "max": 1.1737816333770752
      },
      "z_stats": {
        "mean": 19.819393157958984,
        "std": 91.11500549316406,
        "min": -475.27716064453125,
        "max": 370.2721252441406
      },
      "z_tx_stats": {
        "mean": 0.21089620888233185,
        "std": 0.9775084257125854,
        "min": -5.227783203125,
        "max": 3.7268564701080322
      },
      "E_z_stats": {
        "mean": 8694.751953125,
        "std": 3346.734619140625,
        "min": 3277.99609375,
        "max": 31863.642578125
      },
      "E_ztx_stats": {
        "mean": 1.0,
        "std": 0.4511568248271942,
        "min": 0.29048046469688416,
        "max": 3.6694703102111816
      },
      "corr_A_I": 0.950950562953949,
      "corr_A_gamma_eff": 0.0058811623603105545,
      "corr_A_Importance": 0.950950562953949
    },
    "importance_only": {
      "mode": "importance_only",
      "channel_ctx": {
        "gamma_eff_db_stats": {
          "mean": 4.590744972229004,
          "std": 5.755352973937988,
          "min": -23.51592254638672,
          "max": 15.736661911010742
        },
        "gamma_eff_norm_stats": {
          "mean": 0.7598910927772522,
          "std": 0.0677100270986557,
          "min": 0.4292244613170624,
          "max": 0.8910195827484131
        }
      },
      "I_stats": {
        "mean": 0.43003416061401367,
        "std": 0.15824657678604126,
        "min": 0.25019991397857666,
        "max": 0.8129209280014038
      },
      "A_stats": {
        "mean": 1.0,
        "std": 0.07716929167509079,
        "min": 0.8727205991744995,
        "max": 1.2196122407913208
      },
      "z_stats": {
        "mean": 19.45610237121582,
        "std": 87.79971313476562,
        "min": -476.4148254394531,
        "max": 368.57818603515625
      },
      "z_tx_stats": {
        "mean": 0.2134542465209961,
        "std": 0.9769530892372131,
        "min": -5.188007354736328,
        "max": 3.9724838733673096
      },
      "E_z_stats": {
        "mean": 8087.32861328125,
        "std": 3260.92919921875,
        "min": 3170.477783203125,
        "max": 33344.2890625
      },
      "E_ztx_stats": {
        "mean": 1.0,
        "std": 0.5156238675117493,
        "min": 0.2580083906650543,
        "max": 4.078119277954102
      },
      "corr_A_I": 0.946139395236969,
      "corr_A_gamma_eff": 0.09547846764326096,
      "corr_A_Importance": 0.946139395236969
    },
    "snr_only": {
      "mode": "snr_only",
      "channel_ctx": {
        "gamma_eff_db_stats": {
          "mean": 4.590744972229004,
          "std": 5.755352973937988,
          "min": -23.51592254638672,
          "max": 15.736661911010742
        },
        "gamma_eff_norm_stats": {
          "mean": 0.7598910927772522,
          "std": 0.0677100270986557,
          "min": 0.4292244613170624,
          "max": 0.8910195827484131
        }
      },
      "I_stats": {
        "mean": 0.5,
        "std": 0.0,
        "min": 0.5,
        "max": 0.5
      },
      "A_stats": {
        "mean": 1.0,
        "std": 0.016931351274251938,
        "min": 0.9756117463111877,
        "max": 1.0875885486602783
      },
      "z_stats": {
        "mean": 3.748196601867676,
        "std": 24.341819763183594,
        "min": -148.72409057617188,
        "max": 102.30381774902344
      },
      "z_tx_stats": {
        "mean": 0.15874463319778442,
        "std": 0.9873197078704834,
        "min": -4.483227729797363,
        "max": 4.966100692749023
      },
      "E_z_stats": {
        "mean": 606.5731201171875,
        "std": 410.8819274902344,
        "min": 46.37418746948242,
        "max": 2671.75732421875
      },
      "E_ztx_stats": {
        "mean": 1.0,
        "std": 0.6038336157798767,
        "min": 0.08167420327663422,
        "max": 6.129322528839111
      },
      "corr_A_I": 0.0,
      "corr_A_gamma_eff": 0.00866080541163683,
      "corr_A_Importance": 0.0
    },
    "full": {
      "mode": "full",
      "channel_ctx": {
        "gamma_eff_db_stats": {
          "mean": 4.590744972229004,
          "std": 5.755352973937988,
          "min": -23.51592254638672,
          "max": 15.736661911010742
        },
        "gamma_eff_norm_stats": {
          "mean": 0.7598910927772522,
          "std": 0.0677100270986557,
          "min": 0.4292244613170624,
          "max": 0.8910195827484131
        }
      },
      "I_stats": {
        "mean": 0.511559784412384,
        "std": 0.1452794373035431,
        "min": 0.2502751052379608,
        "max": 0.8118810057640076
      },
      "A_stats": {
        "mean": 1.0,
        "std": 0.06281637400388718,
        "min": 0.884173572063446,
        "max": 1.20976984500885
      },
      "z_stats": {
        "mean": 18.144147872924805,
        "std": 86.08084106445312,
        "min": -428.8353576660156,
        "max": 324.998046875
      },
      "z_tx_stats": {
        "mean": 0.20521852374076843,
        "std": 0.9787161946296692,
        "min": -4.735095024108887,
        "max": 3.8986949920654297
      },
      "E_z_stats": {
        "mean": 7739.1220703125,
        "std": 2733.864990234375,
        "min": 1138.64794921875,
        "max": 27889.03125
      },
      "E_ztx_stats": {
        "mean": 1.0,
        "std": 0.42631202936172485,
        "min": 0.10661832243204117,
        "max": 3.533006429672241
      },
      "corr_A_I": 0.8579491972923279,
      "corr_A_gamma_eff": -0.28791192173957825,
      "corr_A_Importance": 0.8579491972923279
    }
  },
  "comparisons_to_full": {
    "baseline": {
      "A_l1_mean_to_full": 0.05149252340197563,
      "corr_A_with_full_A": 0.0
    },
    "linear": {
      "A_l1_mean_to_full": 0.025222769007086754,