{
  "A_std": 0.051039730198681355,
  "A_range": 0.17891647294163704,
  "I_A_corr": 0.9998466745018959,
  "channel_rel_mean": 1.0,
  "delta_mean": 0.0,
  "score_abs_mean": 0.0
}