{
  "A_std": 0.059242150746285915,
  "A_range": 0.19549762085080147,
  "I_A_corr": 0.997795857489109,
  "channel_rel_mean": 0.6786164194345474,
  "delta_mean": 0.26139314100146294,
  "score_abs_mean": 0.19480085000395775
}