{
  "layer1": [
    0.10684368759393692,
    0.06303325295448303,
    0.13687026500701904,
    0.14980818331241608,
    0.3311019241809845,
    0.10754723101854324,
    0.10479544848203659
  ],
  "layer2": [
    0.05986259877681732,
    0.12486717849969864,
    0.14672473073005676,
    0.08802349865436554,
    0.3238569498062134,
    0.25666505098342896
  ]
}