{
  "meta": {
    "channel": "AWGN",
    "rician_k": 4.0,
    "rayleigh_equalize": false,
    "dataset": "cifar10",
    "image_size": 32,
    "batch_size": 16,
    "batch_index": 0,
    "sample_index": 0,
    "snr_db": 1.0,
    "budget": 1.0,
    "ratio": 0.1667,
    "latent_c": 8
  },
  "shared_channel_ctx": {
    "gamma_eff_db_stats": {
      "mean": 1.0000001192092896,
      "std": 0.0,
      "min": 1.0000001192092896,
      "max": 1.0000001192092896
    },
    "gamma_eff_norm_stats": {
      "mean": 0.0,
      "std": 0.0,
      "min": 0.0,
      "max": 0.0
    },
    "h_abs2_stats": {
      "mean": 1.0,
      "std": 0.0,
      "min": 1.0,
      "max": 1.0
    },
    "posteq_noise_var_stats": {
      "mean": 0.7943282127380371,
      "std": 0.0,
      "min": 0.7943282127380371,
      "max": 0.7943282127380371
    },
    "eq_quality_stats": {
      "mean": 1.258925437927246,
      "std": 0.0,
      "min": 1.258925437927246,
      "max": 1.258925437927246
    }
  },
  "modes": {
    "baseline": {
      "mode": "baseline",
      "z_stats": {
        "mean": 0.04222568869590759,
        "std": 0.9991081357002258,
        "min": -5.573472023010254,
        "max": 4.9969658851623535
      },
      "z_tx_stats": {
        "mean": 0.04222568869590759,
        "std": 0.999108076095581,
        "min": -5.573472023010254,
        "max": 4.9969658851623535
      },
      "E_z_stats": {
        "mean": 1.0,
        "std": 0.6080730557441711,
        "min": 0.08057345449924469,
        "max": 5.816544532775879
      },
      "E_ztx_stats": {
        "mean": 1.0,
        "std": 0.6080730557441711,
        "min": 0.08057345449924469,
        "max": 5.816542625427246
      },
      "E_ztx_hist": {
        "edges": [
          0.08057345449924469,
          0.5585708618164062,
          1.036568284034729,
          1.5145657062530518,
          1.9925631284713745,
          2.4705605506896973,
          2.9485580921173096,
          3.4265553951263428,
          3.904552936553955,
          4.382550239562988,
          4.8605475425720215,
          5.338545322418213,
          5.816542625427246
        ],
        "counts": [
          209,
          447,
          218,
          94,
          25,
          16,
          6,
          4,
          2,
          1,
          1,
          1
        ]
      },
      "mean_power_z": 1.0,
      "mean_power_z_tx": 1.0
    },
    "linear": {
      "mode": "linear",
      "channel_ctx": {
        "gamma_eff_db_stats": {
          "mean": 1.0000001192092896,
          "std": 0.0,
          "min": 1.0000001192092896,
          "max": 1.0000001192092896
        },
        "gamma_eff_norm_stats": {
          "mean": 0.0,
          "std": 0.0,
          "min": 0.0,
          "max": 0.0
        },
        "h_abs2_stats": {
          "mean": 1.0,
          "std": 0.0,
          "min": 1.0,
          "max": 1.0
        },
        "posteq_noise_var_stats": {
          "mean": 0.7943282127380371,
          "std": 0.0,
          "min": 0.7943282127380371,
          "max": 0.7943282127380371
        },
        "eq_quality_stats": {
          "mean": 1.258925437927246,
          "std": 0.0,
          "min": 1.258925437927246,
          "max": 1.258925437927246
        }
      },
      "I_stats": {
        "mean": 0.4614165425300598,
        "std": 0.1608375459909439,
        "min": 0.251118004322052,
        "max": 0.8123759627342224
      },
      "channel_rel_stats": {
        "mean": 0.0,
        "std": 0.0,
        "min": 0.0,
        "max": 0.0
      },
      "A_stats": {
        "mean": 1.0,
        "std": 0.07208678871393204,
        "min": 0.8653537631034851,
        "max": 1.2289210557937622
      },
      "z_stats": {
        "mean": 1.0872657299041748,
        "std": 37.652191162109375,
        "min": -205.55384826660156,
        "max": 201.4902801513672
      },
      "z_g_stats": {
        "mean": 1.0534257888793945,
        "std": 38.80711364746094,
        "min": -229.65875244140625,
        "max": 233.63792419433594
      },
      "z_tx_stats": {
        "mean": 0.03443840891122818,
        "std": 0.9994068741798401,
        "min": -5.593871593475342,
        "max": 4.73141622543335
      },
      "E_z_stats": {
        "mean": 1418.8697509765625,
        "std": 791.7508544921875,
        "min": 236.3494110107422,
        "max": 6372.0361328125
      },
      "Ezg_stats": {
        "mean": 1507.10205078125,
        "std": 1057.7166748046875,
        "min": 208.94895935058594,
        "max": 8562.6640625
      },
      "E_ztx_stats": {
        "mean": 1.0,
        "std": 0.6189727187156677,
        "min": 0.12757907807826996,
        "max": 5.972734451293945
      },
      "A_hist": {
        "edges": [
          0.8653537631034851,
          0.8956510424613953,
          0.9259483218193054,
          0.9562456011772156,
          0.9865428805351257,
          1.0168401002883911,
          1.0471373796463013,
          1.0774346590042114,
          1.1077319383621216,
          1.1380292177200317,
          1.168326497077942,
          1.198623776435852,
          1.2289210557937622
        ],
        "counts": [
          14,
          141,
          175,
          191,
          116,
          128,
          101,
          59,
          46,
          36,
          15,
          2
        ]
      },
      "E_ztx_hist": {
        "edges": [
          0.12757907807826996,
          0.6146753430366516,
          1.101771593093872,
          1.5888679027557373,
          2.0759642124176025,
          2.5630605220794678,
          3.050156831741333,
          3.5372531414031982,
          4.024349212646484,
          4.51144552230835,
          4.998541831970215,
          5.48563814163208,
          5.972734451293945
        ],
        "counts": [
          292,
          394,
          197,
          78,
          33,
          19,
          6,
          2,
          1,
          0,
          0,
          2
        ]
      },
      "corr_A_I": 0.9405305981636047,
      "corr_A_gamma_eff": 0.0,
      "mean_power_z": 1418.8697509765625,
      "mean_power_z_g": 1507.1019287109375,
      "mean_power_z_tx": 1.0,
      "mean_abs_shift_gating": 1.8215785026550293,
      "mean_abs_shift_tx_vs_pre": 28.054126739501953,
      "A_raw_stats": {
        "mean": -5.529727786779404e-09,
        "std": 0.16646939516067505,
        "min": -0.3387358486652374,
        "max": 0.517353892326355
      },
      "rule1_usage": {
        "0": 102,
        "1": 28,
        "2": 96,
        "3": 189,
        "4": 490,
        "5": 81,
        "6": 38
      }
    },
    "importance_only": {
      "mode": "importance_only",
      "channel_ctx": {
        "gamma_eff_db_stats": {
          "mean": 1.0000001192092896,
          "std": 0.0,
          "min": 1.0000001192092896,
          "max": 1.0000001192092896
        },
        "gamma_eff_norm_stats": {
          "mean": 0.0,
          "std": 0.0,
          "min": 0.0,
          "max": 0.0
        },
        "h_abs2_stats": {
          "mean": 1.0,
          "std": 0.0,
          "min": 1.0,
          "max": 1.0
        },
        "posteq_noise_var_stats": {
          "mean": 0.7943282127380371,
          "std": 0.0,
          "min": 0.7943282127380371,
          "max": 0.7943282127380371
        },
        "eq_quality_stats": {
          "mean": 1.258925437927246,
          "std": 0.0,
          "min": 1.258925437927246,
          "max": 1.258925437927246
        }
      },
      "I_stats": {
        "mean": 0.49058008193969727,
        "std": 0.15481215715408325,
        "min": 0.25046801567077637,
        "max": 0.812226414680481
      },
      "channel_rel_stats": null,
      "A_stats": {
        "mean": 1.0,
        "std": 0.13319458067417145,
        "min": 0.7609764933586121,
        "max": 1.3486031293869019
      },
      "z_stats": {
        "mean": 1.455637812614441,
        "std": 38.89923858642578,
        "min": -210.03636169433594,
        "max": 193.775390625
      },