{
  "channel": "Rayleigh",
  "dataset": "cifar10",
  "image_size": 32,
  "rayleigh_equalize": false,
  "baseline_ckpt": "exp_ctx/ckpts_noeq_baseline_Rayleigh/baseline_best.pth",
  "fis_ckpts": {
    "linear": "exp_ctx/ckpts_noeq_linear_Rayleigh_round2/fis_power_best.pth",
    "importance_only": "exp_ctx/ckpts_noeq_importance_only_Rayleigh_round2/fis_power_best.pth",
    "snr_only": "exp_ctx/ckpts_noeq_baseline_Rayleigh/baseline_best.pth",
    "full": "exp_ctx/ckpts_noeq_full_Rayleigh_round2/fis_power_best.pth"
  },
  "results": {
    "1.0": {
      "1.0": {
        "baseline": {
          "psnr": 12.808328230169755,
          "ssim": 0.32542464325699627,
          "n": 79,
          "time": 0.002923072138919106
        },
        "linear": {
          "psnr": 20.909723426722273,
          "ssim": 0.6478834122042113,
          "n": 79,
          "time": 0.004156489915485623
        },
        "importance_only": {
          "psnr": 20.894989665550522,
          "ssim": 0.6474017953570885,
          "n": 79,
          "time": 0.004829107960568199
        },
        "snr_only": {
          "psnr": 12.780234155775625,
          "ssim": 0.326361964020548,
          "n": 79,
          "time": 0.0026759286470051055
        },
        "full": {
          "psnr": 20.93198841432982,
          "ssim": 0.6494626561297646,
          "n": 79,
          "time": 0.004099366031115568
        }
      },
      "4.0": {
        "baseline": {
          "psnr": 13.039892667456519,
          "ssim": 0.33928158351137666,
          "n": 79,
          "time": 0.0019028790389435202
        },
        "linear": {
          "psnr": 22.436392965196053,
          "ssim": 0.7035983340649665,
          "n": 79,
          "time": 0.003906557831583144
        },
        "importance_only": {
          "psnr": 22.44975275932988,
          "ssim": 0.7036131326156326,
          "n": 79,
          "time": 0.00441427170475827
        },
        "snr_only": {
          "psnr": 13.026313492014438,
          "ssim": 0.3406850921956799,
          "n": 79,
          "time": 0.0027378842800478394
        },
        "full": {
          "psnr": 22.490587137922457,
          "ssim": 0.7063454638553571,
          "n": 79,
          "time": 0.004267469237122355
        }
      },
      "7.0": {
        "baseline": {
          "psnr": 13.17911076847511,
          "ssim": 0.34769213312788855,
          "n": 79,
          "time": 0.001662836799138709
        },
        "linear": {
          "psnr": 23.470075583156152,
          "ssim": 0.7394972436035736,
          "n": 79,
          "time": 0.003656043282038049
        },
        "importance_only": {
          "psnr": 23.5022491744802,
          "ssim": 0.7396763170821757,
          "n": 79,
          "time": 0.004913665071318421
        },
        "snr_only": {
          "psnr": 13.177056976511508,
          "ssim": 0.3493486623975295,
          "n": 79,
          "time": 0.002746588067163395
        },
        "full": {
          "psnr": 23.557391299477107,
          "ssim": 0.7430054658575903,
          "n": 79,
          "time": 0.004248447056058087
        }
      },
      "10.0": {
        "baseline": {
          "psnr": 13.256750819049303,
          "ssim": 0.3524459989010533,
          "n": 79,
          "time": 0.0017652390878411788
        },
        "linear": {
          "psnr": 24.108930853348745,
          "ssim": 0.760729081268552,
          "n": 79,
          "time": 0.0036435519592671454
        },
        "importance_only": {
          "psnr": 24.15305251109449,
          "ssim": 0.7609790224063245,
          "n": 79,
          "time": 0.004476885252361056
        },
        "snr_only": {
          "psnr": 13.260260968268673,
          "ssim": 0.3539956219588654,
          "n": 79,
          "time": 0.002779855003839807
        },
        "full": {
          "psnr": 24.214259618445286,
          "ssim": 0.7644683145269563,
          "n": 79,
          "time": 0.00432593913017949
        }
      },
      "13.0": {
        "baseline": {
          "psnr": 13.298030189321011,
          "ssim": 0.35501014205473885,
          "n": 79,
          "time": 0.008199543892582761
        },
        "linear": {
          "psnr": 24.47588362874864,
          "ssim": 0.7725632794295685,
          "n": 79,
          "time": 0.016672964337505872
        },
        "importance_only": {
          "psnr": 24.52729126169712,
          "ssim": 0.7728423785559738,
          "n": 79,
          "time": 0.017891654485388646
        },
        "snr_only": {
          "psnr": 13.302114728130872,
          "ssim": 0.3561993252627457,
          "n": 79,
          "time": 0.012146243566199194
        },
        "full": {
          "psnr": 24.579683158971086,
          "ssim": 0.7760263590873042,
          "n": 79,
          "time": 0.022007124333442013
        }
      }
    }
  },
  "channel_context": {
    "1.0": {
      "1.0": {
        "gamma_eff_db": {
          "mean_of_means": -1.5135649382313596,
          "mean_of_stds": 5.569074709204179,
          "global_min": -71.19734954833984,
          "global_max": 12.043986320495605
        },
        "gamma_eff_norm": {
          "mean_of_means": 0.388440063859843,
          "mean_of_stds": 0.14877079521553427,
          "global_min": 0.0,
          "global_max": 0.7726853489875793
        },
        "h_abs2": {
          "mean_of_means": 0.9988561846032927,
          "mean_of_stds": 1.0009316998192026,
          "global_min": 6.029277699326485e-08,
          "global_max": 12.717409133911133
        },
        "posteq_noise_var": {
          "mean_of_means": 30.29211706451223,
          "mean_of_stds": 2123.228997822049,
          "global_min": 0.06245990842580795,
          "global_max": 13174517.0
        },
        "eq_quality": {
          "mean_of_means": 1.2574854787391951,
          "mean_of_stds": 1.2600983894324,
          "global_min": 7.590411144065001e-08,
          "global_max": 16.010269165039062
        },
        "channel_type": "rayleigh",
        "fading_equalize": false
      },
      "4.0": {
        "gamma_eff_db": {
          "mean_of_means": 1.4864349380324158,
          "mean_of_stds": 5.569074727311919,
          "global_min": -68.19734191894531,
          "global_max": 15.043987274169922
        },
        "gamma_eff_norm": {
          "mean_of_means": 0.4726201280762878,
          "mean_of_stds": 0.15309527214569382,
          "global_min": 0.0,
          "global_max": 0.8583996295928955
        },
        "h_abs2": {
          "mean_of_means": 0.9988561846032927,
          "mean_of_stds": 1.0009316998192026,
          "global_min": 6.029277699326485e-08,
          "global_max": 12.717409133911133
        },
        "posteq_noise_var": {
          "mean_of_means": 15.182022206390961,
          "mean_of_stds": 1064.1353915130035,
          "global_min": 0.03130410611629486,
          "global_max": 6602899.5
        },
        "eq_quality": {
          "mean_of_means": 2.509013498885722,
          "mean_of_stds": 2.5142269436317153,
          "global_min": 1.5144861720273184e-07,
          "global_max": 31.944690704345703
        },
        "channel_type": "rayleigh",
        "fading_equalize": false
      },
      "7.0": {
        "gamma_eff_db": {
          "mean_of_means": 4.486435123636753,
          "mean_of_stds": 5.569074739383746,
          "global_min": -65.19734954833984,
          "global_max": 18.043987274169922
        },
        "gamma_eff_norm": {
          "mean_of_means": 0.5575514367864102,
          "mean_of_stds": 0.15568085637273668,
          "global_min": 0.0,
          "global_max": 0.9441139101982117
        },
        "h_abs2": {
          "mean_of_means": 0.9988561846032927,
          "mean_of_stds": 1.0009316998192026,
          "global_min": 6.029277699326485e-08,
          "global_max": 12.717409133911133
        },
        "posteq_noise_var": {
          "mean_of_means": 7.609036435054827,
          "mean_of_stds": 533.3310194800172,