{
  "channel": "Rayleigh",
  "dataset": "cifar10",
  "image_size": 32,
  "rayleigh_equalize": false,
  "baseline_ckpt": "exp_ctx/ckpts_noeq_baseline_Rayleigh/baseline_best.pth",
  "fis_ckpts": {
    "linear": "exp_ctx/ckpts_noeq_linear_Rayleigh/fis_power_best.pth",
    "importance_only": "exp_ctx/ckpts_noeq_importance_only_Rayleigh/fis_power_best.pth",
    "snr_only": "exp_ctx/ckpts_noeq_baseline_Rayleigh/baseline_best.pth",
    "full": "exp_ctx/ckpts_noeq_full_Rayleigh/fis_power_best.pth"
  },
  "results": {
    "1.0": {
      "1.0": {
        "baseline": {
          "psnr": 20.262366765662083,
          "ssim": 0.6515298863000507,
          "n": 79,
          "time": 0.01196832294705548
        },
        "linear": {
          "psnr": 20.527939156640933,
          "ssim": 0.6704527660261227,
          "n": 79,
          "time": 0.020747930188722247
        },
        "importance_only": {
          "psnr": 20.486364654347867,
          "ssim": 0.6693756278557114,
          "n": 79,
          "time": 0.03408563589747948
        },
        "snr_only": {
          "psnr": 20.229193192494066,
          "ssim": 0.6510554371000845,
          "n": 79,
          "time": 0.013813365863848336
        },
        "full": {
          "psnr": 20.50682857368566,
          "ssim": 0.6699941693981991,
          "n": 79,
          "time": 0.03406132927423791
        }
      },
      "4.0": {
        "baseline": {
          "psnr": 21.662138347384296,
          "ssim": 0.700325391715086,
          "n": 79,
          "time": 0.006187318246575851
        },
        "linear": {
          "psnr": 21.960601782496973,
          "ssim": 0.7201346211795565,
          "n": 79,
          "time": 0.019011464300034923
        },
        "importance_only": {
          "psnr": 21.934137585796886,
          "ssim": 0.7190423426748831,
          "n": 79,
          "time": 0.031086565573004227
        },
        "snr_only": {
          "psnr": 21.62756835358052,
          "ssim": 0.6999404045599925,
          "n": 79,
          "time": 0.015423759629454794
        },
        "full": {
          "psnr": 21.938911751855777,
          "ssim": 0.7193578489219086,
          "n": 79,
          "time": 0.032794270334364495
        }
      },
      "7.0": {
        "baseline": {
          "psnr": 22.806446147870414,
          "ssim": 0.7348278247857396,
          "n": 79,
          "time": 0.00547163395942012
        },
        "linear": {
          "psnr": 23.165529927120932,
          "ssim": 0.7559301951263524,
          "n": 79,
          "time": 0.019679024249692506
        },
        "importance_only": {
          "psnr": 23.154727404630638,
          "ssim": 0.75486452670037,
          "n": 79,
          "time": 0.03281257424173476
        },
        "snr_only": {
          "psnr": 22.775991898548753,
          "ssim": 0.7346207152439069,
          "n": 79,
          "time": 0.013988911351071128
        },
        "full": {
          "psnr": 23.1481242360948,
          "ssim": 0.7549640453314479,
          "n": 79,
          "time": 0.029516787468632566
        }
      },
      "10.0": {
        "baseline": {
          "psnr": 23.655977442294738,
          "ssim": 0.7575542760800712,
          "n": 79,
          "time": 0.005681719961045663
        },
        "linear": {
          "psnr": 24.088008735753313,
          "ssim": 0.7800025902216947,
          "n": 79,
          "time": 0.019229185732105112
        },
        "importance_only": {
          "psnr": 24.090443333493003,
          "ssim": 0.7788545179970657,
          "n": 79,
          "time": 0.03380111199391039
        },
        "snr_only": {
          "psnr": 23.630179030985772,
          "ssim": 0.7574373393119136,
          "n": 79,
          "time": 0.01715746408776392
        },
        "full": {
          "psnr": 24.085129774069483,
          "ssim": 0.7789097020897684,
          "n": 79,
          "time": 0.034874698783777934
        }
      },
      "13.0": {
        "baseline": {
          "psnr": 24.226332072970234,
          "ssim": 0.7716350661048407,
          "n": 79,
          "time": 0.006199522863460492
        },
        "linear": {
          "psnr": 24.725175181521646,
          "ssim": 0.7952436472796187,
          "n": 79,
          "time": 0.019242841986161243
        },
        "importance_only": {
          "psnr": 24.731656907479973,
          "ssim": 0.7939287160016313,
          "n": 79,
          "time": 0.03244249126579188
        },
        "snr_only": {
          "psnr": 24.210850848427302,
          "ssim": 0.7715809073629258,
          "n": 79,
          "time": 0.014320811138877386
        },
        "full": {
          "psnr": 24.741947198215918,
          "ssim": 0.7941087650347359,
          "n": 79,
          "time": 0.0311447517781318
        }
      }
    }
  },
  "channel_context": {
    "1.0": {
      "1.0": {
        "gamma_eff_db": {
          "mean_of_means": -1.53857324093203,
          "mean_of_stds": 5.56353569634353,
          "global_min": -44.93436813354492,
          "global_max": 10.338266372680664
        },
        "gamma_eff_norm": {
          "mean_of_means": 0.0,
          "mean_of_stds": 0.0,
          "global_min": 0.0,
          "global_max": 0.0
        },
        "h_abs2": {
          "mean_of_means": 0.9965055599997316,
          "mean_of_stds": 0.9732279868065556,
          "global_min": 2.550136559875682e-05,
          "global_max": 8.586706161499023
        },
        "posteq_noise_var": {
          "mean_of_means": 13.02846234961401,
          "mean_of_stds": 105.13789805279502,
          "global_min": 0.09250674396753311,
          "global_max": 31148.45703125
        },
        "eq_quality": {
          "mean_of_means": 1.2545262054552007,
          "mean_of_stds": 1.2252214716959604,
          "global_min": 3.210431896150112e-05,
          "global_max": 10.810022354125977
        },
        "channel_type": "rayleigh",
        "fading_equalize": false
      },
      "4.0": {
        "gamma_eff_db": {
          "mean_of_means": 1.4614266372179683,
          "mean_of_stds": 5.56353567823579,
          "global_min": -41.934364318847656,
          "global_max": 13.338266372680664
        },
        "gamma_eff_norm": {
          "mean_of_means": 0.0,
          "mean_of_stds": 0.0,
          "global_min": 0.0,
          "global_max": 0.0
        },
        "h_abs2": {
          "mean_of_means": 0.9965055599997316,
          "mean_of_stds": 0.9732279868065556,
          "global_min": 2.550136559875682e-05,
          "global_max": 8.586706161499023
        },
        "posteq_noise_var": {
          "mean_of_means": 6.529698732533032,
          "mean_of_stds": 52.693771707860726,
          "global_min": 0.04636319726705551,
          "global_max": 15611.208984375
        },
        "eq_quality": {
          "mean_of_means": 2.5031089782714844,
          "mean_of_stds": 2.44463834430598,
          "global_min": 6.405654130503535e-05,
          "global_max": 21.568832397460938
        },
        "channel_type": "rayleigh",
        "fading_equalize": false
      },
      "7.0": {
        "gamma_eff_db": {
          "mean_of_means": 4.46142678622958,
          "mean_of_stds": 5.563535702379444,
          "global_min": -38.934364318847656,
          "global_max": 16.338266372680664
        },
        "gamma_eff_norm": {
          "mean_of_means": 0.0,
          "mean_of_stds": 0.0,
          "global_min": 0.0,
          "global_max": 0.0
        },
        "h_abs2": {
          "mean_of_means": 0.9965055599997316,
          "mean_of_stds": 0.9732279868065556,
          "global_min": 2.550136559875682e-05,
          "global_max": 8.586706161499023
        },
        "posteq_noise_var": {
          "mean_of_means": 3.2726018398622925,
          "mean_of_stds": 26.409448041946074,
          "global_min": 0.02323664352297783,
          "global_max": 7824.13916015625
        },
        "eq_quality": {
          "mean_of_means": 4.994358602958389,