{
  "meta": {
    "channel": "Rayleigh",
    "rician_k": 4.0,
    "rayleigh_equalize": false,
    "dataset": "cifar10",
    "image_size": 32,
    "batch_size": 16,
    "batch_index": 0,
    "sample_index": 0,
    "snr_db": 10.0,
    "budget": 1.0,
    "ratio": 0.1667,
    "latent_c": 8
  },
  "shared_channel_ctx": {
    "gamma_eff_db_stats": {
      "mean": 7.467982292175293,
      "std": 5.543197154998779,
      "min": -33.787261962890625,
      "max": 20.145740509033203
    },
    "gamma_eff_norm_stats": {
      "mean": 0.6423516273498535,
      "std": 0.1564195454120636,
      "min": 0.0,
      "max": 1.0
    },
    "h_abs2_stats": {
      "mean": 0.9913278222084045,
      "std": 0.9944568276405334,
      "min": 4.1809391404967755e-05,
      "max": 10.341275215148926
    },
    "posteq_noise_var_stats": {
      "mean": 1.0234134197235107,
      "std": 21.224910736083984,
      "min": 0.009669986553490162,
      "max": 2391.806884765625
    },
    "eq_quality_stats": {
      "mean": 9.913278579711914,
      "std": 9.94456958770752,
      "min": 0.00041809395770542324,
      "max": 103.41275787353516
    }
  },
  "modes": {
    "linear": {
      "mode": "linear",
      "channel_ctx": {
        "gamma_eff_db_stats": {
          "mean": 7.467982292175293,
          "std": 5.543197154998779,
          "min": -33.787261962890625,
          "max": 20.145740509033203
        },
        "gamma_eff_norm_stats": {
          "mean": 0.6423516273498535,
          "std": 0.1564195454120636,
          "min": 0.0,
          "max": 1.0
        },
        "h_abs2_stats": {
          "mean": 0.9913278222084045,
          "std": 0.9944568276405334,
          "min": 4.1809391404967755e-05,
          "max": 10.341275215148926
        },
        "posteq_noise_var_stats": {
          "mean": 1.0234134197235107,
          "std": 21.224910736083984,
          "min": 0.009669986553490162,
          "max": 2391.806884765625
        },
        "eq_quality_stats": {
          "mean": 9.913278579711914,
          "std": 9.94456958770752,
          "min": 0.00041809395770542324,
          "max": 103.41275787353516
        }
      },
      "I_stats": {
        "mean": 0.4467020034790039,
        "std": 0.1584608107805252,
        "min": 0.24978914856910706,
        "max": 0.8128553628921509
      },
      "channel_rel_stats": {
        "mean": 0.6423516273498535,
        "std": 0.1564195454120636,
        "min": 0.0,
        "max": 1.0
      },
      "A_stats": {
        "mean": 1.0,
        "std": 0.04933982342481613,
        "min": 0.9142414927482605,
        "max": 1.149620771408081
      },
      "z_stats": {
        "mean": 19.819393157958984,
        "std": 91.11500549316406,
        "min": -475.27716064453125,
        "max": 370.2721252441406
      },
      "z_g_stats": {
        "mean": 19.728544235229492,
        "std": 92.62318420410156,
        "min": -532.83251953125,
        "max": 407.90985107421875
      },
      "z_tx_stats": {
        "mean": 0.2115720510482788,
        "std": 0.9773623943328857,
        "min": -5.143280506134033,
        "max": 3.6872658729553223
      },
      "E_z_stats": {
        "mean": 8694.751953125,
        "std": 3346.734619140625,
        "min": 3277.99609375,
        "max": 31863.642578125
      },
      "Ezg_stats": {
        "mean": 8968.26953125,
        "std": 4388.369140625,
        "min": 3050.563720703125,
        "max": 40048.203125
      },
      "E_ztx_stats": {
        "mean": 1.0,
        "std": 0.4330175220966339,
        "min": 0.2982613146305084,
        "max": 3.537412405014038
      },
      "A_hist": {
        "edges": [
          0.9142414927482605,
          0.9338564276695251,
          0.9534713625907898,
          0.9730862975120544,
          0.9927012324333191,
          1.0123162269592285,
          1.0319311618804932,
          1.0515460968017578,
          1.0711610317230225,
          1.090775966644287,
          1.1103909015655518,
          1.1300058364868164,
          1.149620771408081
        ],
        "counts": [
          20,
          162,
          211,
          152,
          116,
          101,
          93,
          62,
          39,
          32,
          31,
          5
        ]
      },
      "E_ztx_hist": {
        "edges": [
          0.2982613146305084,
          0.5681905746459961,
          0.8381198048591614,
          1.1080490350723267,
          1.3779783248901367,
          1.6479076147079468,
          1.9178369045257568,
          2.1877660751342773,
          2.457695484161377,
          2.7276246547698975,
          2.997553825378418,
          3.2674832344055176,
          3.537412405014038
        ],
        "counts": [
          85,
          364,
          263,
          164,
          62,
          37,
          28,
          10,
          6,
          2,
          1,
          2
        ]
      },
      "corr_A_I": 0.9510040283203125,
      "corr_A_gamma_eff": null,
      "mean_power_z": 8694.751953125,
      "mean_power_z_g": 8968.26953125,
      "mean_power_z_tx": 1.0,
      "mean_abs_shift_gating": 3.1979241371154785,
      "mean_abs_shift_tx_vs_pre": 74.01588439941406,
      "A_raw_stats": {
        "mean": -8.614733815193176e-09,
        "std": 0.1657891869544983,
        "min": -0.3038381040096283,
        "max": 0.5048255920410156
      },
      "rule1_usage": {
        "0": 99,
        "1": 17,
        "2": 69,
        "3": 140,
        "4": 563,
        "5": 58,
        "6": 78
      }
    },
    "importance_only": {
      "mode": "importance_only",
      "channel_ctx": {
        "gamma_eff_db_stats": {
          "mean": 7.467982292175293,
          "std": 5.543197154998779,
          "min": -33.787261962890625,
          "max": 20.145740509033203
        },
        "gamma_eff_norm_stats": {
          "mean": 0.6423516273498535,
          "std": 0.1564195454120636,
          "min": 0.0,
          "max": 1.0
        },
        "h_abs2_stats": {
          "mean": 0.9913278222084045,
          "std": 0.9944568276405334,
          "min": 4.1809391404967755e-05,
          "max": 10.341275215148926
        },
        "posteq_noise_var_stats": {
          "mean": 1.0234134197235107,
          "std": 21.224910736083984,
          "min": 0.009669986553490162,
          "max": 2391.806884765625
        },
        "eq_quality_stats": {
          "mean": 9.913278579711914,
          "std": 9.94456958770752,
          "min": 0.00041809395770542324,
          "max": 103.41275787353516
        }
      },
      "I_stats": {
        "mean": 0.43003416061401367,
        "std": 0.15824657678604126,
        "min": 0.25019991397857666,
        "max": 0.8129209280014038
      },
      "channel_rel_stats": null,
      "A_stats": {
        "mean": 1.0,
        "std": 0.07716929167509079,
        "min": 0.8727205991744995,
        "max": 1.2196122407913208
      },
      "z_stats": {
        "mean": 19.45610237121582,
        "std": 87.79971313476562,
        "min": -476.4148254394531,
        "max": 368.57818603515625
      },
      "z_g_stats": {
        "mean": 19.375476837158203,
        "std": 90.26412200927734,
        "min": -566.4312744140625,
        "max": 423.904052734375
      },
      "z_tx_stats": {
        "mean": 0.2134542465209961,
        "std": 0.9769530892372131,
        "min": -5.188007354736328,
        "max": 3.9724838733673096
      },
      "E_z_stats": {
        "mean": 8087.32861328125,
        "std": 3260.92919921875,
        "min": 3170.477783203125,
        "max": 33344.2890625
      },
      "Ezg_stats": {
        "mean": 8523.01953125,
        "std": 4868.81982421875,
        "min": 2973.073486328125,
        "max": 47135.203125
      },
      "E_ztx_stats": {
        "mean": 1.0,
        "std": 0.5156238675117493,
        "min": 0.2580083906650543,
        "max": 4.078119277954102
      },