{
  "meta": {
    "snr_db": 10.0,
    "channel": "Rayleigh"
  },
  "modes": {
    "baseline": {
      "mode": "baseline",
      "channel_ctx": {
        "gamma_eff_db_stats": {
          "mean": 7.851665496826172,
          "std": 5.5146484375,
          "min": -25.707704544067383,
          "max": 19.20813751220703
        },
        "gamma_eff_norm_stats": {
          "mean": 0.7982549071311951,
          "std": 0.06487821787595749,
          "min": 0.4034388065338135,
          "max": 0.9318604469299316
        }
      },
      "I_stats": {
        "mean": 0.7841982245445251,
        "std": 0.6205103993415833,
        "min": 0.00013546503032557666,
        "max": 5.030932903289795
      },
      "A_stats": {
        "mean": 1.0,
        "std": 0.0,
        "min": 1.0,
        "max": 1.0
      },
      "z_stats": {
        "mean": 0.15863960981369019,
        "std": 0.9873365759849548,
        "min": -4.401513576507568,
        "max": 5.030932903289795
      },
      "z_tx_stats": {
        "mean": 0.15863960981369019,
        "std": 0.9873365759849548,
        "min": -4.401513576507568,
        "max": 5.030932903289795
      },
      "E_z_stats": {
        "mean": 1.0,
        "std": 0.6044487953186035,
        "min": 0.08316205441951752,
        "max": 6.290404319763184
      },
      "E_ztx_stats": {
        "mean": 1.0,
        "std": 0.6044487953186035,
        "min": 0.08316205441951752,
        "max": 6.290404319763184
      },
      "corr_A_I": 0.0,
      "corr_A_gamma_eff": 0.0,
      "corr_A_Importance": 0.0
    },
    "linear": {
      "mode": "linear",
      "channel_ctx": {
        "gamma_eff_db_stats": {
          "mean": 7.851665496826172,
          "std": 5.5146484375,
          "min": -25.707704544067383,
          "max": 19.20813751220703
        },
        "gamma_eff_norm_stats": {
          "mean": 0.7982549071311951,
          "std": 0.06487821787595749,
          "min": 0.4034388065338135,
          "max": 0.9318604469299316
        }
      },
      "I_stats": {
        "mean": 0.4467020034790039,
        "std": 0.1584608107805252,
        "min": 0.24978914856910706,
        "max": 0.8128553628921509
      },
      "A_stats": {
        "mean": 1.0,
        "std": 0.04933982342481613,
        "min": 0.9142414927482605,
        "max": 1.149620771408081
      },
      "z_stats": {
        "mean": 19.819393157958984,
        "std": 91.11500549316406,
        "min": -475.27716064453125,
        "max": 370.2721252441406
      },
      "z_tx_stats": {
        "mean": 0.2115720510482788,
        "std": 0.9773623943328857,
        "min": -5.143280506134033,
        "max": 3.6872658729553223
      },
      "E_z_stats": {
        "mean": 8694.751953125,
        "std": 3346.734619140625,
        "min": 3277.99609375,
        "max": 31863.642578125
      },
      "E_ztx_stats": {
        "mean": 1.0,
        "std": 0.4330175220966339,
        "min": 0.2982613146305084,
        "max": 3.537412405014038
      },
      "corr_A_I": 0.9510040283203125,
      "corr_A_gamma_eff": -0.13590729236602783,
      "corr_A_Importance": 0.9510040283203125
    },
    "importance_only": {
      "mode": "importance_only",
      "channel_ctx": {
        "gamma_eff_db_stats": {
          "mean": 7.851665496826172,
          "std": 5.5146484375,
          "min": -25.707704544067383,
          "max": 19.20813751220703
        },
        "gamma_eff_norm_stats": {
          "mean": 0.7982549071311951,
          "std": 0.06487821787595749,
          "min": 0.4034388065338135,
          "max": 0.9318604469299316
        }
      },
      "I_stats": {
        "mean": 0.43003416061401367,
        "std": 0.15824657678604126,
        "min": 0.25019991397857666,
        "max": 0.8129209280014038
      },
      "A_stats": {
        "mean": 1.0,
        "std": 0.07716929167509079,
        "min": 0.8727205991744995,
        "max": 1.2196122407913208
      },
      "z_stats": {
        "mean": 19.45610237121582,
        "std": 87.79971313476562,
        "min": -476.4148254394531,
        "max": 368.57818603515625
      },
      "z_tx_stats": {
        "mean": 0.2134542465209961,
        "std": 0.9769530892372131,
        "min": -5.188007354736328,
        "max": 3.9724838733673096
      },
      "E_z_stats": {
        "mean": 8087.32861328125,
        "std": 3260.92919921875,
        "min": 3170.477783203125,
        "max": 33344.2890625
      },
      "E_ztx_stats": {
        "mean": 1.0,
        "std": 0.5156238675117493,
        "min": 0.2580083906650543,
        "max": 4.078119277954102
      },
      "corr_A_I": 0.946139395236969,
      "corr_A_gamma_eff": -0.0236031636595726,
      "corr_A_Importance": 0.946139395236969
    },
    "snr_only": {
      "mode": "snr_only",
      "channel_ctx": {
        "gamma_eff_db_stats": {
          "mean": 7.851665496826172,
          "std": 5.5146484375,
          "min": -25.707704544067383,
          "max": 19.20813751220703
        },
        "gamma_eff_norm_stats": {
          "mean": 0.7982549071311951,
          "std": 0.06487821787595749,
          "min": 0.4034388065338135,
          "max": 0.9318604469299316
        }
      },
      "I_stats": {
        "mean": 0.5,
        "std": 0.0,
        "min": 0.5,
        "max": 0.5
      },
      "A_stats": {
        "mean": 1.0,
        "std": 0.012714182026684284,
        "min": 0.9818065166473389,
        "max": 1.085326910018921
      },
      "z_stats": {
        "mean": 3.748196601867676,
        "std": 24.341819763183594,
        "min": -148.72409057617188,
        "max": 102.30381774902344
      },
      "z_tx_stats": {
        "mean": 0.15858274698257446,
        "std": 0.9873456954956055,
        "min": -4.461394309997559,
        "max": 4.965153217315674
      },
      "E_z_stats": {
        "mean": 606.5731201171875,
        "std": 410.8819274902344,
        "min": 46.37418746948242,
        "max": 2671.75732421875
      },
      "E_ztx_stats": {
        "mean": 0.9999999403953552,
        "std": 0.6036317348480225,
        "min": 0.08184032887220383,
        "max": 6.126983642578125
      },
      "corr_A_I": 0.0,
      "corr_A_gamma_eff": 0.055090997368097305,
      "corr_A_Importance": 0.0
    },
    "full": {
      "mode": "full",
      "channel_ctx": {
        "gamma_eff_db_stats": {
          "mean": 7.851665496826172,
          "std": 5.5146484375,
          "min": -25.707704544067383,
          "max": 19.20813751220703
        },
        "gamma_eff_norm_stats": {
          "mean": 0.7982549071311951,
          "std": 0.06487821787595749,
          "min": 0.4034388065338135,
          "max": 0.9318604469299316
        }
      },
      "I_stats": {
        "mean": 0.511559784412384,
        "std": 0.1452794373035431,
        "min": 0.2502751052379608,
        "max": 0.8118810057640076
      },
      "A_stats": {
        "mean": 1.0,
        "std": 0.051603421568870544,
        "min": 0.9053945541381836,
        "max": 1.1927578449249268
      },
      "z_stats": {
        "mean": 18.144147872924805,
        "std": 86.08084106445312,
        "min": -428.8353576660156,
        "max": 324.998046875
      },
      "z_tx_stats": {
        "mean": 0.20591330528259277,
        "std": 0.978570282459259,
        "min": -4.6944169998168945,
        "max": 3.820916175842285
      },
      "E_z_stats": {
        "mean": 7739.1220703125,
        "std": 2733.864990234375,
        "min": 1138.64794921875,
        "max": 27889.03125
      },
      "E_ztx_stats": {
        "mean": 1.0,
        "std": 0.4027591943740845,
        "min": 0.11227051913738251,
        "max": 3.3420705795288086
      },
      "corr_A_I": 0.863523542881012,
      "corr_A_gamma_eff": -0.3217657208442688,
      "corr_A_Importance": 0.863523542881012
    }
  },
  "comparisons_to_full": {
    "baseline": {
      "A_l1_mean_to_full": 0.04204108938574791,
      "corr_A_with_full_A": 0.0
    },
    "linear": {
      "A_l1_mean_to_full": 0.02020220272243023,
      "corr_A_with_full_A": 0.8617804646492004
    },