{
  "A_std": 0.050688644871115685,
  "A_range": 0.17810357175767422,
  "I_A_corr": 0.999818466603756,
  "channel_rel_mean": 0.4470466896891594,
  "delta_mean": 0.0,
  "score_abs_mean": 0.0
}