{
  "A_std": 0.051310067530721426,
  "A_range": 0.17780289612710476,
  "I_A_corr": 0.9998149499297142,
  "channel_rel_mean": 0.44952789321541786,
  "delta_mean": 0.0,
  "score_abs_mean": 0.0
}