{
  "channel": "AWGN",
  "dataset": "cifar10",
  "image_size": 32,
  "rayleigh_equalize": false,
  "baseline_ckpt": "exp_ctx/ckpts_awgn_baseline_AWGN/baseline_best.pth",
  "fis_ckpts": {
    "linear": "exp_ctx/ckpts_awgn_linear_AWGN/fis_power_best.pth",
    "importance_only": "exp_ctx/ckpts_awgn_importance_only_AWGN/fis_power_best.pth",
    "snr_only": "exp_ctx/ckpts_awgn_baseline_AWGN/baseline_best.pth",
    "full": "exp_ctx/ckpts_awgn_full_AWGN/fis_power_best.pth"
  },
  "results": {
    "1.0": {
      "1.0": {
        "baseline": {
          "psnr": 23.511968057366865,
          "ssim": 0.7659909951535961,
          "n": 79,
          "time": 0.012427800818334651
        },
        "linear": {
          "psnr": 24.0120933870726,
          "ssim": 0.7826422852805898,
          "n": 79,
          "time": 0.018821577482585665
        },
        "importance_only": {
          "psnr": 23.852907518797284,
          "ssim": 0.7775127699103537,
          "n": 79,
          "time": 0.030928995035871674
        },
        "snr_only": {
          "psnr": 23.49920161766342,
          "ssim": 0.765919518621662,
          "n": 79,
          "time": 0.01590129393565504
        },
        "full": {
          "psnr": 24.365788230413123,
          "ssim": 0.7876486114308804,
          "n": 79,
          "time": 0.03479812718644927
        }
      },
      "4.0": {
        "baseline": {
          "psnr": 24.948220699648314,
          "ssim": 0.8201481149166445,
          "n": 79,
          "time": 0.004952159108994882
        },
        "linear": {
          "psnr": 25.956368047979815,
          "ssim": 0.842276744450195,
          "n": 79,
          "time": 0.017080789879907535
        },
        "importance_only": {
          "psnr": 25.742086651958996,
          "ssim": 0.8370782167096681,
          "n": 79,
          "time": 0.032166963891138003
        },
        "snr_only": {
          "psnr": 24.935633357567124,
          "ssim": 0.8200697823415829,
          "n": 79,
          "time": 0.015733622297455993
        },
        "full": {
          "psnr": 26.390496145320846,
          "ssim": 0.8456797848773908,
          "n": 79,
          "time": 0.03265273420116569
        }
      },
      "7.0": {
        "baseline": {
          "psnr": 25.887720108032227,
          "ssim": 0.8525906190087523,
          "n": 79,
          "time": 0.005384804327276688
        },
        "linear": {
          "psnr": 27.439292786996575,
          "ssim": 0.8798178585269784,
          "n": 79,
          "time": 0.01778422729878486
        },
        "importance_only": {
          "psnr": 27.175875651685498,
          "ssim": 0.8750564772871476,
          "n": 79,
          "time": 0.030998380878303623
        },
        "snr_only": {
          "psnr": 25.877080168905138,
          "ssim": 0.8525128877615626,
          "n": 79,
          "time": 0.014544610735736315
        },
        "full": {
          "psnr": 28.008401991445808,
          "ssim": 0.882048557076273,
          "n": 79,
          "time": 0.030707585660717154
        }
      },
      "10.0": {
        "baseline": {
          "psnr": 26.443627297123776,
          "ssim": 0.8706396365467506,
          "n": 79,
          "time": 0.00438497941705245
        },
        "linear": {
          "psnr": 28.439178346078606,
          "ssim": 0.9016097806677034,
          "n": 79,
          "time": 0.013189569304261026
        },
        "importance_only": {
          "psnr": 28.139920753768727,
          "ssim": 0.8973007390770731,
          "n": 79,
          "time": 0.02338124830511552
        },
        "snr_only": {
          "psnr": 26.435416547557974,
          "ssim": 0.8705715303179584,
          "n": 79,
          "time": 0.009414853928964349
        },
        "full": {
          "psnr": 29.16435992566845,
          "ssim": 0.9031591256962547,
          "n": 79,
          "time": 0.022495200362386582
        }
      },
      "13.0": {
        "baseline": {
          "psnr": 26.749583570263052,
          "ssim": 0.8802207044408291,
          "n": 79,
          "time": 0.004707731778108621
        },
        "linear": {
          "psnr": 29.036633527731592,
          "ssim": 0.9135765516305272,
          "n": 79,
          "time": 0.014550233189063736
        },
        "importance_only": {
          "psnr": 28.71750259399414,
          "ssim": 0.9095566944230961,
          "n": 79,
          "time": 0.025316633755647685
        },
        "snr_only": {
          "psnr": 26.7435993967177,
          "ssim": 0.8801667109320436,
          "n": 79,
          "time": 0.0103732121141651
        },
        "full": {
          "psnr": 29.901453163050398,
          "ssim": 0.9147764617883707,
          "n": 79,
          "time": 0.024741444406630116
        }
      }
    }
  },
  "channel_context": {
    "1.0": {
      "1.0": {
        "gamma_eff_db": {
          "mean_of_means": 1.0000001192092896,
          "mean_of_stds": 0.0,
          "global_min": 1.0000001192092896,
          "global_max": 1.0000001192092896
        },
        "gamma_eff_norm": {
          "mean_of_means": 0.0,
          "mean_of_stds": 0.0,
          "global_min": 0.0,
          "global_max": 0.0
        },
        "h_abs2": {
          "mean_of_means": 1.0,
          "mean_of_stds": 0.0,
          "global_min": 1.0,
          "global_max": 1.0
        },
        "posteq_noise_var": {
          "mean_of_means": 0.7943282127380371,
          "mean_of_stds": 0.0,
          "global_min": 0.7943282127380371,
          "global_max": 0.7943282127380371
        },
        "eq_quality": {
          "mean_of_means": 1.258925437927246,
          "mean_of_stds": 0.0,
          "global_min": 1.258925437927246,
          "global_max": 1.258925437927246
        },
        "channel_type": "awgn",
        "fading_equalize": false
      },
      "4.0": {
        "gamma_eff_db": {
          "mean_of_means": 3.999999761581421,
          "mean_of_stds": 0.0,
          "global_min": 3.999999761581421,
          "global_max": 3.999999761581421
        },
        "gamma_eff_norm": {
          "mean_of_means": 0.0,
          "mean_of_stds": 0.0,
          "global_min": 0.0,
          "global_max": 0.0
        },
        "h_abs2": {
          "mean_of_means": 1.0,
          "mean_of_stds": 0.0,
          "global_min": 1.0,
          "global_max": 1.0
        },
        "posteq_noise_var": {
          "mean_of_means": 0.3981071412563324,
          "mean_of_stds": 0.0,
          "global_min": 0.3981071412563324,
          "global_max": 0.3981071412563324
        },
        "eq_quality": {
          "mean_of_means": 2.5118865966796875,
          "mean_of_stds": 0.0,
          "global_min": 2.5118865966796875,
          "global_max": 2.5118865966796875
        },
        "channel_type": "awgn",
        "fading_equalize": false
      },
      "7.0": {
        "gamma_eff_db": {
          "mean_of_means": 7.000000476837158,
          "mean_of_stds": 0.0,
          "global_min": 7.000000476837158,
          "global_max": 7.000000476837158
        },
        "gamma_eff_norm": {
          "mean_of_means": 0.0,
          "mean_of_stds": 0.0,
          "global_min": 0.0,
          "global_max": 0.0
        },
        "h_abs2": {
          "mean_of_means": 1.0,
          "mean_of_stds": 0.0,
          "global_min": 1.0,
          "global_max": 1.0
        },
        "posteq_noise_var": {
          "mean_of_means": 0.19952623546123505,
          "mean_of_stds": 0.0,
          "global_min": 0.19952623546123505,
          "global_max": 0.19952623546123505
        },
        "eq_quality": {
          "mean_of_means": 5.011872291564941,
          "mean_of_stds": 0.0,
          "global_min": 5.011872291564941,
          "global_max": 5.011872291564941
        },
        "channel_type": "awgn",
        "fading_equalize": false
      },
      "10.0": {
        "gamma_eff_db": {
          "mean_of_means": 10.0,
          "mean_of_stds": 0.0,
          "global_min": 10.0,