{
  "A_std": 0.05027385102584958,
  "A_range": 0.2613466903567314,
  "I_A_corr": 0.9998437762260437,
  "channel_rel_mean": 0.6935064047574997,
  "delta_mean": 0.0,
  "score_abs_mean": 0.0
}