{
  "meta": {
    "channel": "Rayleigh",
    "rician_k": 4.0,
    "rayleigh_equalize": false,
    "dataset": "cifar10",
    "image_size": 32,
    "batch_size": 16,
    "batch_index": 0,
    "sample_index": 0,
    "snr_db": 13.0,
    "budget": 1.0,
    "ratio": 0.1667,
    "latent_c": 8
  },
  "shared_channel_ctx": {
    "gamma_eff_db_stats": {
      "mean": 10.523452758789062,
      "std": 5.546742916107178,
      "min": -32.247432708740234,
      "max": 22.56739616394043
    },
    "gamma_eff_norm_stats": {
      "mean": 0.7293442487716675,
      "std": 0.1570097953081131,
      "min": 0.0,
      "max": 1.0
    },
    "h_abs2_stats": {
      "mean": 1.0044612884521484,
      "std": 0.9978715777397156,
      "min": 2.9871496735722758e-05,
      "max": 9.051895141601562
    },
    "posteq_noise_var_stats": {
      "mean": 0.6036828756332397,
      "std": 16.270544052124023,
      "min": 0.005536820739507675,
      "max": 1677.8109130859375
    },
    "eq_quality_stats": {
      "mean": 20.041641235351562,
      "std": 19.91015625,
      "min": 0.0005960147245787084,
      "max": 180.6090545654297
    }
  },
  "modes": {
    "linear": {
      "mode": "linear",
      "channel_ctx": {
        "gamma_eff_db_stats": {
          "mean": 10.523452758789062,
          "std": 5.546742916107178,
          "min": -32.247432708740234,
          "max": 22.56739616394043
        },
        "gamma_eff_norm_stats": {
          "mean": 0.7293442487716675,
          "std": 0.1570097953081131,
          "min": 0.0,
          "max": 1.0
        },
        "h_abs2_stats": {
          "mean": 1.0044612884521484,
          "std": 0.9978715777397156,
          "min": 2.9871496735722758e-05,
          "max": 9.051895141601562
        },
        "posteq_noise_var_stats": {
          "mean": 0.6036828756332397,
          "std": 16.270544052124023,
          "min": 0.005536820739507675,
          "max": 1677.8109130859375
        },
        "eq_quality_stats": {
          "mean": 20.041641235351562,
          "std": 19.91015625,
          "min": 0.0005960147245787084,
          "max": 180.6090545654297
        }
      },
      "I_stats": {
        "mean": 0.4467020034790039,
        "std": 0.1584608107805252,
        "min": 0.24978914856910706,
        "max": 0.8128553628921509
      },
      "channel_rel_stats": {
        "mean": 0.7293442487716675,
        "std": 0.1570097953081131,
        "min": 0.0,
        "max": 1.0
      },
      "A_stats": {
        "mean": 1.0,
        "std": 0.041838981211185455,
        "min": 0.9267652034759521,
        "max": 1.1259225606918335
      },
      "z_stats": {
        "mean": 19.819393157958984,
        "std": 91.11500549316406,
        "min": -475.27716064453125,
        "max": 370.2721252441406
      },
      "z_g_stats": {
        "mean": 19.742456436157227,
        "std": 92.3759536743164,
        "min": -523.8502807617188,
        "max": 402.100830078125
      },
      "z_tx_stats": {
        "mean": 0.21223382651805878,
        "std": 0.9772189259529114,
        "min": -5.059494495391846,
        "max": 3.6475400924682617
      },
      "E_z_stats": {
        "mean": 8694.751953125,
        "std": 3346.734619140625,
        "min": 3277.99609375,
        "max": 31863.642578125
      },
      "Ezg_stats": {
        "mean": 8923.0810546875,
        "std": 4217.70166015625,
        "min": 3106.75439453125,
        "max": 38709.35546875
      },
      "E_ztx_stats": {
        "mean": 1.0,
        "std": 0.4151217043399811,
        "min": 0.3061724603176117,
        "max": 3.4094347953796387
      },
      "A_hist": {
        "edges": [
          0.9267652034759521,
          0.9433616399765015,
          0.9599580764770508,
          0.9765545129776001,
          0.9931510090827942,
          1.0097473859786987,
          1.026343822479248,
          1.042940378189087,
          1.0595368146896362,
          1.0761332511901855,
          1.0927296876907349,
          1.1093261241912842,
          1.1259225606918335
        ],
        "counts": [
          17,
          162,
          203,
          159,
          114,
          99,
          100,
          58,
          43,
          32,
          32,
          5
        ]
      },
      "E_ztx_hist": {
        "edges": [
          0.3061724603176117,
          0.564777672290802,
          0.8233828544616699,
          1.0819880962371826,
          1.3405932188034058,
          1.5991984605789185,
          1.8578035831451416,
          2.1164088249206543,
          2.375014066696167,
          2.6336193084716797,
          2.8922243118286133,
          3.150829553604126,
          3.4094347953796387
        ],
        "counts": [
          71,
          350,
          277,
          164,
          70,
          39,
          32,
          10,
          5,
          3,
          1,
          2
        ]
      },
      "corr_A_I": 0.9510430097579956,
      "corr_A_gamma_eff": null,
      "mean_power_z": 8694.751953125,
      "mean_power_z_g": 8923.08203125,
      "mean_power_z_tx": 1.0,
      "mean_abs_shift_gating": 2.713392734527588,
      "mean_abs_shift_tx_vs_pre": 74.01475524902344,
      "A_raw_stats": {
        "mean": -8.614733815193176e-09,
        "std": 0.1657891869544983,
        "min": -0.3038381040096283,
        "max": 0.5048255920410156
      },
      "rule1_usage": {
        "0": 99,
        "1": 17,
        "2": 69,
        "3": 140,
        "4": 563,
        "5": 58,
        "6": 78
      }
    },
    "importance_only": {
      "mode": "importance_only",
      "channel_ctx": {
        "gamma_eff_db_stats": {
          "mean": 10.523452758789062,
          "std": 5.546742916107178,
          "min": -32.247432708740234,
          "max": 22.56739616394043
        },
        "gamma_eff_norm_stats": {
          "mean": 0.7293442487716675,
          "std": 0.1570097953081131,
          "min": 0.0,
          "max": 1.0
        },
        "h_abs2_stats": {
          "mean": 1.0044612884521484,
          "std": 0.9978715777397156,
          "min": 2.9871496735722758e-05,
          "max": 9.051895141601562
        },
        "posteq_noise_var_stats": {
          "mean": 0.6036828756332397,
          "std": 16.270544052124023,
          "min": 0.005536820739507675,
          "max": 1677.8109130859375
        },
        "eq_quality_stats": {
          "mean": 20.041641235351562,
          "std": 19.91015625,
          "min": 0.0005960147245787084,
          "max": 180.6090545654297
        }
      },
      "I_stats": {
        "mean": 0.43003416061401367,
        "std": 0.15824657678604126,
        "min": 0.25019991397857666,
        "max": 0.8129209280014038
      },
      "channel_rel_stats": null,
      "A_stats": {
        "mean": 1.0,
        "std": 0.07716929167509079,
        "min": 0.8727205991744995,
        "max": 1.2196122407913208
      },
      "z_stats": {
        "mean": 19.45610237121582,
        "std": 87.79971313476562,
        "min": -476.4148254394531,
        "max": 368.57818603515625
      },
      "z_g_stats": {
        "mean": 19.375476837158203,
        "std": 90.26412200927734,
        "min": -566.4312744140625,
        "max": 423.904052734375
      },
      "z_tx_stats": {
        "mean": 0.2134542465209961,
        "std": 0.9769530892372131,
        "min": -5.188007354736328,
        "max": 3.9724838733673096
      },
      "E_z_stats": {
        "mean": 8087.32861328125,
        "std": 3260.92919921875,
        "min": 3170.477783203125,
        "max": 33344.2890625
      },
      "Ezg_stats": {
        "mean": 8523.01953125,
        "std": 4868.81982421875,
        "min": 2973.073486328125,
        "max": 47135.203125
      },
      "E_ztx_stats": {
        "mean": 1.0,
        "std": 0.5156238675117493,
        "min": 0.2580083906650543,
        "max": 4.078119277954102
      },