{
  "meta": {
    "snr_db": 13.0,
    "channel": "Rayleigh"
  },
  "modes": {
    "baseline": {
      "mode": "baseline",
      "channel_ctx": {
        "gamma_eff_db_stats": {
          "mean": 10.499788284301758,
          "std": 5.620767116546631,
          "min": -29.396930694580078,
          "max": 22.743213653564453
        },
        "gamma_eff_norm_stats": {
          "mean": 0.8294093012809753,
          "std": 0.06612666696310043,
          "min": 0.36003610491752625,
          "max": 0.9734495282173157
        }
      },
      "I_stats": {
        "mean": 0.7841982245445251,
        "std": 0.6205103993415833,
        "min": 0.00013546503032557666,
        "max": 5.030932903289795
      },
      "A_stats": {
        "mean": 1.0,
        "std": 0.0,
        "min": 1.0,
        "max": 1.0
      },
      "z_stats": {
        "mean": 0.15863960981369019,
        "std": 0.9873365759849548,
        "min": -4.401513576507568,
        "max": 5.030932903289795
      },
      "z_tx_stats": {
        "mean": 0.15863960981369019,
        "std": 0.9873365759849548,
        "min": -4.401513576507568,
        "max": 5.030932903289795
      },
      "E_z_stats": {
        "mean": 1.0,
        "std": 0.6044487953186035,
        "min": 0.08316205441951752,
        "max": 6.290404319763184
      },
      "E_ztx_stats": {
        "mean": 1.0,
        "std": 0.6044487953186035,
        "min": 0.08316205441951752,
        "max": 6.290404319763184
      },
      "corr_A_I": 0.0,
      "corr_A_gamma_eff": 0.0,
      "corr_A_Importance": 0.0
    },
    "linear": {
      "mode": "linear",
      "channel_ctx": {
        "gamma_eff_db_stats": {
          "mean": 10.499788284301758,
          "std": 5.620767116546631,
          "min": -29.396930694580078,
          "max": 22.743213653564453
        },
        "gamma_eff_norm_stats": {
          "mean": 0.8294093012809753,
          "std": 0.06612666696310043,
          "min": 0.36003610491752625,
          "max": 0.9734495282173157
        }
      },
      "I_stats": {
        "mean": 0.4467020034790039,
        "std": 0.1584608107805252,
        "min": 0.24978914856910706,
        "max": 0.8128553628921509
      },
      "A_stats": {
        "mean": 1.0,
        "std": 0.041838981211185455,
        "min": 0.9267652034759521,
        "max": 1.1259225606918335
      },
      "z_stats": {
        "mean": 19.819393157958984,
        "std": 91.11500549316406,
        "min": -475.27716064453125,
        "max": 370.2721252441406
      },
      "z_tx_stats": {
        "mean": 0.21223382651805878,
        "std": 0.9772189259529114,
        "min": -5.059494495391846,
        "max": 3.6475400924682617
      },
      "E_z_stats": {
        "mean": 8694.751953125,
        "std": 3346.734619140625,
        "min": 3277.99609375,
        "max": 31863.642578125
      },
      "E_ztx_stats": {
        "mean": 1.0,
        "std": 0.4151217043399811,
        "min": 0.3061724603176117,
        "max": 3.4094347953796387
      },
      "corr_A_I": 0.9510430097579956,
      "corr_A_gamma_eff": 0.002870948053896427,
      "corr_A_Importance": 0.9510430097579956
    },
    "importance_only": {
      "mode": "importance_only",
      "channel_ctx": {
        "gamma_eff_db_stats": {
          "mean": 10.499788284301758,
          "std": 5.620767116546631,
          "min": -29.396930694580078,
          "max": 22.743213653564453
        },
        "gamma_eff_norm_stats": {
          "mean": 0.8294093012809753,
          "std": 0.06612666696310043,
          "min": 0.36003610491752625,
          "max": 0.9734495282173157
        }
      },
      "I_stats": {
        "mean": 0.43003416061401367,
        "std": 0.15824657678604126,
        "min": 0.25019991397857666,
        "max": 0.8129209280014038
      },
      "A_stats": {
        "mean": 1.0,
        "std": 0.07716929167509079,
        "min": 0.8727205991744995,
        "max": 1.2196122407913208
      },
      "z_stats": {
        "mean": 19.45610237121582,
        "std": 87.79971313476562,
        "min": -476.4148254394531,
        "max": 368.57818603515625
      },
      "z_tx_stats": {
        "mean": 0.2134542465209961,
        "std": 0.9769530892372131,
        "min": -5.188007354736328,
        "max": 3.9724838733673096
      },
      "E_z_stats": {
        "mean": 8087.32861328125,
        "std": 3260.92919921875,
        "min": 3170.477783203125,
        "max": 33344.2890625
      },
      "E_ztx_stats": {
        "mean": 1.0,
        "std": 0.5156238675117493,
        "min": 0.2580083906650543,
        "max": 4.078119277954102
      },
      "corr_A_I": 0.946139395236969,
      "corr_A_gamma_eff": 0.0027949197683483362,
      "corr_A_Importance": 0.946139395236969
    },
    "snr_only": {
      "mode": "snr_only",
      "channel_ctx": {
        "gamma_eff_db_stats": {
          "mean": 10.499788284301758,
          "std": 5.620767116546631,
          "min": -29.396930694580078,
          "max": 22.743213653564453
        },
        "gamma_eff_norm_stats": {
          "mean": 0.8294093012809753,
          "std": 0.06612666696310043,
          "min": 0.36003610491752625,
          "max": 0.9734495282173157
        }
      },
      "I_stats": {
        "mean": 0.5,
        "std": 0.0,
        "min": 0.5,
        "max": 0.5
      },
      "A_stats": {
        "mean": 1.0,
        "std": 0.0,
        "min": 1.0,
        "max": 1.0
      },
      "z_stats": {
        "mean": 3.748196601867676,
        "std": 24.341819763183594,
        "min": -148.72409057617188,
        "max": 102.30381774902344
      },
      "z_tx_stats": {
        "mean": 0.15863960981369019,
        "std": 0.9873365759849548,
        "min": -4.401513576507568,
        "max": 5.030932903289795
      },
      "E_z_stats": {
        "mean": 606.5731201171875,
        "std": 410.8819274902344,
        "min": 46.37418746948242,
        "max": 2671.75732421875
      },
      "E_ztx_stats": {
        "mean": 1.0,
        "std": 0.6044487953186035,
        "min": 0.08316204696893692,
        "max": 6.290403366088867
      },
      "corr_A_I": 0.0,
      "corr_A_gamma_eff": 0.0,
      "corr_A_Importance": 0.0
    },
    "full": {
      "mode": "full",
      "channel_ctx": {
        "gamma_eff_db_stats": {
          "mean": 10.499788284301758,
          "std": 5.620767116546631,
          "min": -29.396930694580078,
          "max": 22.743213653564453
        },
        "gamma_eff_norm_stats": {
          "mean": 0.8294093012809753,
          "std": 0.06612666696310043,
          "min": 0.36003610491752625,
          "max": 0.9734495282173157
        }
      },
      "I_stats": {
        "mean": 0.511559784412384,
        "std": 0.1452794373035431,
        "min": 0.2502751052379608,
        "max": 0.8118810057640076
      },
      "A_stats": {
        "mean": 1.0,
        "std": 0.039738837629556656,
        "min": 0.9142085909843445,
        "max": 1.1068885326385498
      },
      "z_stats": {
        "mean": 18.144147872924805,
        "std": 86.08084106445312,
        "min": -428.8353576660156,
        "max": 324.998046875
      },
      "z_tx_stats": {
        "mean": 0.20676329731941223,
        "std": 0.9783909916877747,
        "min": -4.61338472366333,
        "max": 3.660796642303467
      },
      "E_z_stats": {
        "mean": 7739.1220703125,
        "std": 2733.864990234375,
        "min": 1138.64794921875,
        "max": 27889.03125
      },
      "E_ztx_stats": {
        "mean": 1.0,
        "std": 0.37988144159317017,
        "min": 0.11437545716762543,
        "max": 3.227688789367676
      },
      "corr_A_I": 0.8966925740242004,
      "corr_A_gamma_eff": 0.024206414818763733,
      "corr_A_Importance": 0.8966925740242004
    }
  },
  "comparisons_to_full": {
    "baseline": {
      "A_l1_mean_to_full": 0.03310476988554001,
      "corr_A_with_full_A": 0.0
    },
    "linear": {
      "A_l1_mean_to_full": 0.01484740525484085,
      "corr_A_with_full_A": 0.8862471580505371
    },