{
  "channel": "AWGN",
  "dataset": "cifar10",
  "image_size": 32,
  "rayleigh_equalize": false,
  "baseline_ckpt": "exp_ctx/ckpts_baseline_AWGN/baseline_best.pth",
  "fis_ckpts": {
    "full": "exp_ctx/ckpts_full_AWGN_round2/fis_power_best.pth"
  },
  "results": {
    "1.0": {
      "-10.0": {
        "baseline": {
          "psnr": 15.490310596514352,
          "ssim": 0.4052954195420953,
          "n": 79,
          "time": 0.04738888861257819
        },
        "full": {
          "psnr": 15.478448481499393,
          "ssim": 0.42702560862408406,
          "n": 79,
          "time": 0.0500573598885838
        }
      },
      "-7.0": {
        "baseline": {
          "psnr": 17.699361752860153,
          "ssim": 0.516358603405047,
          "n": 79,
          "time": 0.017483451698399797
        },
        "full": {
          "psnr": 18.010499036764795,
          "ssim": 0.5379598480236681,
          "n": 79,
          "time": 0.021086774294889424
        }
      },
      "-4.0": {
        "baseline": {
          "psnr": 19.65442338774476,
          "ssim": 0.621681606467766,
          "n": 79,
          "time": 0.012546536288683928
        },
        "full": {
          "psnr": 20.528688430786133,
          "ssim": 0.6457092641275141,
          "n": 79,
          "time": 0.016373181644874283
        }
      },
      "-1.0": {
        "baseline": {
          "psnr": 21.198035976554774,
          "ssim": 0.7072823251350017,
          "n": 79,
          "time": 0.013409514970417265
        },
        "full": {
          "psnr": 22.91237777999685,
          "ssim": 0.7382441238511966,
          "n": 79,
          "time": 0.01687643497805052
        }
      }
    }
  },
  "channel_context": {
    "1.0": {
      "-10.0": {
        "gamma_eff_db": {
          "mean_of_means": -10.0,
          "mean_of_stds": 0.0,
          "global_min": -10.0,
          "global_max": -10.0
        },
        "gamma_eff_norm": {
          "mean_of_means": 0.1428571492433548,
          "mean_of_stds": 0.0,
          "global_min": 0.1428571492433548,
          "global_max": 0.1428571492433548
        },
        "h_abs2": {
          "mean_of_means": 1.0,
          "mean_of_stds": 0.0,
          "global_min": 1.0,
          "global_max": 1.0
        },
        "posteq_noise_var": {
          "mean_of_means": 10.0,
          "mean_of_stds": 0.0,
          "global_min": 10.0,
          "global_max": 10.0
        },
        "eq_quality": {
          "mean_of_means": 0.10000000894069672,
          "mean_of_stds": 7.450580596923828e-09,
          "global_min": 0.10000000149011612,
          "global_max": 0.10000000149011612
        },
        "channel_type": "awgn",
        "fading_equalize": false
      },
      "-7.0": {
        "gamma_eff_db": {
          "mean_of_means": -7.0,
          "mean_of_stds": 0.0,
          "global_min": -7.0,
          "global_max": -7.0
        },
        "gamma_eff_norm": {
          "mean_of_means": 0.22857142984867096,
          "mean_of_stds": 0.0,
          "global_min": 0.22857142984867096,
          "global_max": 0.22857142984867096
        },
        "h_abs2": {
          "mean_of_means": 1.0,
          "mean_of_stds": 0.0,
          "global_min": 1.0,
          "global_max": 1.0
        },
        "posteq_noise_var": {
          "mean_of_means": 5.011871814727783,
          "mean_of_stds": 0.0,
          "global_min": 5.011871814727783,
          "global_max": 5.011871814727783
        },
        "eq_quality": {
          "mean_of_means": 0.19952625036239624,
          "mean_of_stds": 0.0,
          "global_min": 0.19952625036239624,
          "global_max": 0.19952625036239624
        },
        "channel_type": "awgn",
        "fading_equalize": false
      },
      "-4.0": {
        "gamma_eff_db": {
          "mean_of_means": -4.0,
          "mean_of_stds": 0.0,
          "global_min": -4.0,
          "global_max": -4.0
        },
        "gamma_eff_norm": {
          "mean_of_means": 0.3142857253551483,
          "mean_of_stds": 0.0,
          "global_min": 0.3142857253551483,
          "global_max": 0.3142857253551483
        },
        "h_abs2": {
          "mean_of_means": 1.0,
          "mean_of_stds": 0.0,
          "global_min": 1.0,
          "global_max": 1.0
        },
        "posteq_noise_var": {
          "mean_of_means": 2.5118863582611084,
          "mean_of_stds": 2.384185791015625e-07,
          "global_min": 2.5118861198425293,
          "global_max": 2.5118861198425293
        },
        "eq_quality": {
          "mean_of_means": 0.39810726046562195,
          "mean_of_stds": 2.9802322387695312e-08,
          "global_min": 0.39810723066329956,
          "global_max": 0.39810723066329956
        },
        "channel_type": "awgn",
        "fading_equalize": false
      },
      "-1.0": {
        "gamma_eff_db": {
          "mean_of_means": -1.0000001192092896,
          "mean_of_stds": 0.0,
          "global_min": -1.0000001192092896,
          "global_max": -1.0000001192092896
        },
        "gamma_eff_norm": {
          "mean_of_means": 0.40000003576278687,
          "mean_of_stds": 2.9802322387695312e-08,
          "global_min": 0.4000000059604645,
          "global_max": 0.4000000059604645
        },
        "h_abs2": {
          "mean_of_means": 1.0,
          "mean_of_stds": 0.0,
          "global_min": 1.0,
          "global_max": 1.0
        },
        "posteq_noise_var": {
          "mean_of_means": 1.258925437927246,
          "mean_of_stds": 0.0,
          "global_min": 1.258925437927246,
          "global_max": 1.258925437927246
        },
        "eq_quality": {
          "mean_of_means": 0.7943282127380371,
          "mean_of_stds": 0.0,
          "global_min": 0.7943282127380371,
          "global_max": 0.7943282127380371
        },
        "channel_type": "awgn",
        "fading_equalize": false
      }
    }
  },
  "control_stats": {
    "1.0": {
      "-10.0": {
        "full": {
          "A_std": 0.0,
          "A_range": 0.0,
          "I_A_corr": 0.0,
          "channel_rel_mean": 0.0,
          "delta_mean": 0.0,
          "score_abs_mean": 0.0
        }
      },
      "-7.0": {
        "full": {
          "A_std": 0.0,
          "A_range": 0.0,
          "I_A_corr": 0.0,
          "channel_rel_mean": 0.0,
          "delta_mean": 0.0,
          "score_abs_mean": 0.0
        }
      },
      "-4.0": {
        "full": {
          "A_std": 0.0,
          "A_range": 0.0,
          "I_A_corr": 0.0,
          "channel_rel_mean": 0.0,
          "delta_mean": 0.0,
          "score_abs_mean": 0.0
        }
      },
      "-1.0": {
        "full": {
          "A_std": 0.0,
          "A_range": 0.0,
          "I_A_corr": 0.0,
          "channel_rel_mean": 0.0,
          "delta_mean": 0.0,
          "score_abs_mean": 0.0
        }
      }
    }
  }
}