{
  "layer1": [
    0.08924919366836548,
    0.05934378132224083,
    0.1169709861278534,
    0.13228276371955872,
    0.41248059272766113,
    0.10039189457893372,
    0.08928088843822479
  ],
  "layer2": [
    0.040196266025304794,
    0.06866223365068436,
    0.17558377981185913,
    0.0421217679977417,
    0.35815778374671936,
    0.31527817249298096
  ]
}