{
  "channel": "Rayleigh",
  "dataset": "cifar10",
  "image_size": 32,
  "rayleigh_equalize": true,
  "baseline_ckpt": "exp_ctx/ckpts_eq_baseline_Rayleigh/baseline_best.pth",
  "fis_ckpts": {
    "linear": "exp_ctx/ckpts_eq_linear_Rayleigh_round2/fis_power_best.pth",
    "importance_only": "exp_ctx/ckpts_eq_importance_only_Rayleigh_round2/fis_power_best.pth",
    "snr_only": "exp_ctx/ckpts_eq_baseline_Rayleigh/baseline_best.pth",
    "full": "exp_ctx/ckpts_eq_full_Rayleigh_round2/fis_power_best.pth"
  },
  "results": {
    "1.0": {
      "1.0": {
        "baseline": {
          "psnr": 17.751877893375443,
          "ssim": 0.5604713868491257,
          "n": 79,
          "time": 0.007915964609459985
        },
        "linear": {
          "psnr": 19.372880211359337,
          "ssim": 0.6327079730697825,
          "n": 79,
          "time": 0.0105356536334074
        },
        "importance_only": {
          "psnr": 19.39730728728862,
          "ssim": 0.6366230113596856,
          "n": 79,
          "time": 0.01270571841469294
        },
        "snr_only": {
          "psnr": 17.754228302195102,
          "ssim": 0.5596345723429813,
          "n": 79,
          "time": 0.007674386229696153
        },
        "full": {
          "psnr": 19.29844774173785,
          "ssim": 0.6290420633328112,
          "n": 79,
          "time": 0.01230246507668797
        }
      },
      "4.0": {
        "baseline": {
          "psnr": 19.548262511627584,
          "ssim": 0.6345462391648111,
          "n": 79,
          "time": 0.00506717947464955
        },
        "linear": {
          "psnr": 20.983239572259443,
          "ssim": 0.6976226968101308,
          "n": 79,
          "time": 0.009445223627211173
        },
        "importance_only": {
          "psnr": 20.98831468896021,
          "ssim": 0.7006288457520401,
          "n": 79,
          "time": 0.011443506313275687
        },
        "snr_only": {
          "psnr": 19.550052570391305,
          "ssim": 0.633892349804504,
          "n": 79,
          "time": 0.007334123683881156
        },
        "full": {
          "psnr": 20.923221974433222,
          "ssim": 0.6948984816104551,
          "n": 79,
          "time": 0.014341837243188786
        }
      },
      "7.0": {
        "baseline": {
          "psnr": 21.16975641854202,
          "ssim": 0.6917338891874386,
          "n": 79,
          "time": 0.0019283837909939922
        },
        "linear": {
          "psnr": 22.491651848901675,
          "ssim": 0.7509409294852728,
          "n": 79,
          "time": 0.0038592634321768073
        },
        "importance_only": {
          "psnr": 22.450876573973066,
          "ssim": 0.7520479077025305,
          "n": 79,
          "time": 0.004546065873737576
        },
        "snr_only": {
          "psnr": 21.174101358727565,
          "ssim": 0.6912895629677591,
          "n": 79,
          "time": 0.002998789654502386
        },
        "full": {
          "psnr": 22.448364161237887,
          "ssim": 0.7490486329114889,
          "n": 79,
          "time": 0.0043839925452123715
        }
      },
      "10.0": {
        "baseline": {
          "psnr": 22.496295977242386,
          "ssim": 0.7317427313780482,
          "n": 79,
          "time": 0.0023272037506103516
        },
        "linear": {
          "psnr": 23.783938757980927,
          "ssim": 0.7908922592295876,
          "n": 79,
          "time": 0.004779193974748443
        },
        "importance_only": {
          "psnr": 23.6944580078125,
          "ssim": 0.7902478168282328,
          "n": 79,
          "time": 0.005543440203123455
        },
        "snr_only": {
          "psnr": 22.500474205499962,
          "ssim": 0.7314258881762058,
          "n": 79,
          "time": 0.003375183177899711
        },
        "full": {
          "psnr": 23.764699573758282,
          "ssim": 0.7896836596199229,
          "n": 79,
          "time": 0.004850278926801078
        }
      },
      "13.0": {
        "baseline": {
          "psnr": 23.47015810616409,
          "ssim": 0.7576441334772713,
          "n": 79,
          "time": 0.001989633222169514
        },
        "linear": {
          "psnr": 24.787333862690986,
          "ssim": 0.8185327249237254,
          "n": 79,
          "time": 0.003954733474345147
        },
        "importance_only": {
          "psnr": 24.657341172423543,
          "ssim": 0.8167903461033785,
          "n": 79,
          "time": 0.004833499087563044
        },
        "snr_only": {
          "psnr": 23.47335291512405,
          "ssim": 0.7574419198156912,
          "n": 79,
          "time": 0.002805359755890279
        },
        "full": {
          "psnr": 24.793273370477216,
          "ssim": 0.8179924729504163,
          "n": 79,
          "time": 0.004660340804087964
        }
      }
    }
  },
  "channel_context": {
    "1.0": {
      "1.0": {
        "gamma_eff_db": {
          "mean_of_means": -1.5135649382313596,
          "mean_of_stds": 5.569074709204179,
          "global_min": -71.19734954833984,
          "global_max": 12.043986320495605
        },
        "gamma_eff_norm": {
          "mean_of_means": 0.388440063859843,
          "mean_of_stds": 0.14877079521553427,
          "global_min": 0.0,
          "global_max": 0.7726853489875793
        },
        "h_abs2": {
          "mean_of_means": 0.9988561846032927,
          "mean_of_stds": 1.0009316998192026,
          "global_min": 6.029277699326485e-08,
          "global_max": 12.717409133911133
        },
        "posteq_noise_var": {
          "mean_of_means": 30.29211706451223,
          "mean_of_stds": 2123.228997822049,
          "global_min": 0.06245990842580795,
          "global_max": 13174517.0
        },
        "eq_quality": {
          "mean_of_means": 1.2574854787391951,
          "mean_of_stds": 1.2600983894324,
          "global_min": 7.590411144065001e-08,
          "global_max": 16.010269165039062
        },
        "channel_type": "rayleigh",
        "fading_equalize": true
      },
      "4.0": {
        "gamma_eff_db": {
          "mean_of_means": 1.4864349380324158,
          "mean_of_stds": 5.569074727311919,
          "global_min": -68.19734191894531,
          "global_max": 15.043987274169922
        },
        "gamma_eff_norm": {
          "mean_of_means": 0.4726201280762878,
          "mean_of_stds": 0.15309527214569382,
          "global_min": 0.0,
          "global_max": 0.8583996295928955
        },
        "h_abs2": {
          "mean_of_means": 0.9988561846032927,
          "mean_of_stds": 1.0009316998192026,
          "global_min": 6.029277699326485e-08,
          "global_max": 12.717409133911133
        },
        "posteq_noise_var": {
          "mean_of_means": 15.182022206390961,
          "mean_of_stds": 1064.1353915130035,
          "global_min": 0.03130410611629486,
          "global_max": 6602899.5
        },
        "eq_quality": {
          "mean_of_means": 2.509013498885722,
          "mean_of_stds": 2.5142269436317153,
          "global_min": 1.5144861720273184e-07,
          "global_max": 31.944690704345703
        },
        "channel_type": "rayleigh",
        "fading_equalize": true
      },
      "7.0": {
        "gamma_eff_db": {
          "mean_of_means": 4.486435123636753,
          "mean_of_stds": 5.569074739383746,
          "global_min": -65.19734954833984,
          "global_max": 18.043987274169922
        },
        "gamma_eff_norm": {
          "mean_of_means": 0.5575514367864102,
          "mean_of_stds": 0.15568085637273668,
          "global_min": 0.0,
          "global_max": 0.9441139101982117
        },
        "h_abs2": {
          "mean_of_means": 0.9988561846032927,
          "mean_of_stds": 1.0009316998192026,
          "global_min": 6.029277699326485e-08,
          "global_max": 12.717409133911133
        },
        "posteq_noise_var": {
          "mean_of_means": 7.609036435054827,
          "mean_of_stds": 533.3310194800172,
          "global_min": 0.015689220279455185,