{
  "channel": "Rayleigh",
  "dataset": "cifar10",
  "image_size": 32,
  "rayleigh_equalize": true,
  "baseline_ckpt": "exp_ctx/ckpts_eq_baseline_Rayleigh_eq/baseline_best.pth",
  "fis_ckpts": {
    "linear": "exp_ctx/ckpts_eq_linear_Rayleigh_eq/fis_power_best.pth",
    "importance_only": "exp_ctx/ckpts_eq_importance_only_Rayleigh_eq/fis_power_best.pth",
    "snr_only": "exp_ctx/ckpts_eq_baseline_Rayleigh_eq/baseline_best.pth",
    "full": "exp_ctx/ckpts_eq_full_Rayleigh_eq/fis_power_best.pth"
  },
  "results": {
    "1.0": {
      "1.0": {
        "baseline": {
          "psnr": 19.351239264765873,
          "ssim": 0.6217036979107917,
          "n": 79,
          "time": 0.012310028076171875
        },
        "linear": {
          "psnr": 21.44776699211024,
          "ssim": 0.7146005509774896,
          "n": 79,
          "time": 0.017736905737768247
        },
        "importance_only": {
          "psnr": 21.413589501682715,
          "ssim": 0.7121005714694156,
          "n": 79,
          "time": 0.028218435335762893
        },
        "snr_only": {
          "psnr": 19.323279175577284,
          "ssim": 0.6214005471784857,
          "n": 79,
          "time": 0.016094654421263104
        },
        "full": {
          "psnr": 21.404520396944843,
          "ssim": 0.7144755751271791,
          "n": 79,
          "time": 0.03264885914476612
        }
      },
      "4.0": {
        "baseline": {
          "psnr": 20.822219269185126,
          "ssim": 0.6739658834059027,
          "n": 79,
          "time": 0.004862945291060436
        },
        "linear": {
          "psnr": 22.977925698968427,
          "ssim": 0.7636398612698422,
          "n": 79,
          "time": 0.015300388577618177
        },
        "importance_only": {
          "psnr": 22.94725118709516,
          "ssim": 0.7615661734267126,
          "n": 79,
          "time": 0.025074237509618832
        },
        "snr_only": {
          "psnr": 20.792331719700293,
          "ssim": 0.6736919774284845,
          "n": 79,
          "time": 0.012055807475802264
        },
        "full": {
          "psnr": 22.926189615756652,
          "ssim": 0.7632045172437837,
          "n": 79,
          "time": 0.020717801927011226
        }
      },
      "7.0": {
        "baseline": {
          "psnr": 22.094980915890464,
          "ssim": 0.7129176530656935,
          "n": 79,
          "time": 0.004205006587354443
        },
        "linear": {
          "psnr": 24.387231681920305,
          "ssim": 0.8019064793103858,
          "n": 79,
          "time": 0.012245534341546554
        },
        "importance_only": {
          "psnr": 24.354583957527257,
          "ssim": 0.8002399711669246,
          "n": 79,
          "time": 0.0229595552516889
        },
        "snr_only": {
          "psnr": 22.068816341931306,
          "ssim": 0.71270482374143,
          "n": 79,
          "time": 0.011255418198018135
        },
        "full": {
          "psnr": 24.33536640601822,
          "ssim": 0.8011992166313944,
          "n": 79,
          "time": 0.019690202761300003
        }
      },
      "10.0": {
        "baseline": {
          "psnr": 23.10596801661238,
          "ssim": 0.740068598638607,
          "n": 79,
          "time": 0.005743099164359177
        },
        "linear": {
          "psnr": 25.57961635348163,
          "ssim": 0.829833919488931,
          "n": 79,
          "time": 0.019064601463607594
        },
        "importance_only": {
          "psnr": 25.544316859184942,
          "ssim": 0.828428721880611,
          "n": 79,
          "time": 0.032664265813706794
        },
        "snr_only": {
          "psnr": 23.08626512937908,
          "ssim": 0.7399317516556269,
          "n": 79,
          "time": 0.015373912038682382
        },
        "full": {
          "psnr": 25.54088046882726,
          "ssim": 0.8289269359805916,
          "n": 79,
          "time": 0.03398057478892652
        }
      },
      "13.0": {
        "baseline": {
          "psnr": 23.839060988607287,
          "ssim": 0.7579801633388181,
          "n": 79,
          "time": 0.006356824802446969
        },
        "linear": {
          "psnr": 26.506143087073216,
          "ssim": 0.8490712310694442,
          "n": 79,
          "time": 0.018604133702531646
        },
        "importance_only": {
          "psnr": 26.472886797748036,
          "ssim": 0.8477458667151535,
          "n": 79,
          "time": 0.033356379859055145
        },
        "snr_only": {
          "psnr": 23.827485796771473,
          "ssim": 0.7579343892350981,
          "n": 79,
          "time": 0.013854729978344109
        },
        "full": {
          "psnr": 26.475252199776566,
          "ssim": 0.8479252367080012,
          "n": 79,
          "time": 0.033191804644427725
        }
      }
    }
  },
  "channel_context": {
    "1.0": {
      "1.0": {
        "gamma_eff_db": {
          "mean_of_means": -1.53857324093203,
          "mean_of_stds": 5.56353569634353,
          "global_min": -44.93436813354492,
          "global_max": 10.338266372680664
        },
        "gamma_eff_norm": {
          "mean_of_means": 0.0,
          "mean_of_stds": 0.0,
          "global_min": 0.0,
          "global_max": 0.0
        },
        "h_abs2": {
          "mean_of_means": 0.9965055599997316,
          "mean_of_stds": 0.9732279868065556,
          "global_min": 2.550136559875682e-05,
          "global_max": 8.586706161499023
        },
        "posteq_noise_var": {
          "mean_of_means": 13.02846234961401,
          "mean_of_stds": 105.13789805279502,
          "global_min": 0.09250674396753311,
          "global_max": 31148.45703125
        },
        "eq_quality": {
          "mean_of_means": 1.2545262054552007,
          "mean_of_stds": 1.2252214716959604,
          "global_min": 3.210431896150112e-05,
          "global_max": 10.810022354125977
        },
        "channel_type": "rayleigh",
        "fading_equalize": true
      },
      "4.0": {
        "gamma_eff_db": {
          "mean_of_means": 1.4614266372179683,
          "mean_of_stds": 5.56353567823579,
          "global_min": -41.934364318847656,
          "global_max": 13.338266372680664
        },
        "gamma_eff_norm": {
          "mean_of_means": 0.0,
          "mean_of_stds": 0.0,
          "global_min": 0.0,
          "global_max": 0.0
        },
        "h_abs2": {
          "mean_of_means": 0.9965055599997316,
          "mean_of_stds": 0.9732279868065556,
          "global_min": 2.550136559875682e-05,
          "global_max": 8.586706161499023
        },
        "posteq_noise_var": {
          "mean_of_means": 6.529698732533032,
          "mean_of_stds": 52.693771707860726,
          "global_min": 0.04636319726705551,
          "global_max": 15611.208984375
        },
        "eq_quality": {
          "mean_of_means": 2.5031089782714844,
          "mean_of_stds": 2.44463834430598,
          "global_min": 6.405654130503535e-05,
          "global_max": 21.568832397460938
        },
        "channel_type": "rayleigh",
        "fading_equalize": true
      },
      "7.0": {
        "gamma_eff_db": {
          "mean_of_means": 4.46142678622958,
          "mean_of_stds": 5.563535702379444,
          "global_min": -38.934364318847656,
          "global_max": 16.338266372680664
        },
        "gamma_eff_norm": {
          "mean_of_means": 0.0,
          "mean_of_stds": 0.0,
          "global_min": 0.0,
          "global_max": 0.0
        },
        "h_abs2": {
          "mean_of_means": 0.9965055599997316,
          "mean_of_stds": 0.9732279868065556,
          "global_min": 2.550136559875682e-05,
          "global_max": 8.586706161499023
        },
        "posteq_noise_var": {
          "mean_of_means": 3.2726018398622925,
          "mean_of_stds": 26.409448041946074,
          "global_min": 0.02323664352297783,
          "global_max": 7824.13916015625
        },
        "eq_quality": {
          "mean_of_means": 4.994358602958389,