{
  "A_std": 0.08370755147188902,
  "A_range": 0.2778480239212513,
  "I_A_corr": 0.9981417059898376,
  "channel_rel_mean": 0.43983056023716927,
  "delta_mean": 0.3108305186033249,
  "score_abs_mean": 0.239774901419878
}