{
  "layer1": [
    0.1337582767009735,
    0.0670149028301239,
    0.15499792993068695,
    0.1602098047733307,
    0.2747212052345276,
    0.10416155308485031,
    0.10513632744550705
  ],
  "layer2": [
    0.11041519045829773,
    0.1612979769706726,
    0.08153393864631653,
    0.1745227873325348,
    0.2680293917655945,
    0.20420074462890625
  ]
}