{
  "A_std": 0.007089283608365804,
  "A_range": 0.02319736941717565,
  "I_A_corr": 0.997827872633934,
  "channel_rel_mean": 1.0,
  "delta_mean": 0.042000025510787964,
  "score_abs_mean": 0.14634181559085846
}