{
  "layer1": [
    0.09058252722024918,
    0.05982058122754097,
    0.11736886948347092,
    0.13167600333690643,
    0.41224583983421326,
    0.09972120821475983,
    0.08858504146337509
  ],
  "layer2": [
    0.045214757323265076,
    0.05465168133378029,
    0.17403365671634674,
    0.04549392685294151,
    0.32766610383987427,
    0.3529399335384369
  ]
}