{
  "A_std": 0.050202902872115374,
  "A_range": 0.17863206937909126,
  "I_A_corr": 0.9998489990830421,
  "channel_rel_mean": 0.6695996671915054,
  "delta_mean": 0.0,
  "score_abs_mean": 0.0
}