{
  "layer1": [
    0.14502228796482086,
    0.058509111404418945,
    0.16052287817001343,
    0.1621362566947937,
    0.2407885044813156,
    0.09273950755596161,
    0.14028146862983704
  ],
  "layer2": [
    0.08541183173656464,
    0.16691157221794128,
    0.13405932486057281,
    0.12439534068107605,
    0.2953777611255646,
    0.19384421408176422
  ]
}