{
  "layer1": [
    0.1376393884420395,
    0.0681832805275917,
    0.1587992161512375,
    0.16437289118766785,
    0.2547054886817932,
    0.10343286395072937,
    0.11286686360836029
  ],
  "layer2": [
    0.08360575139522552,
    0.16273964941501617,
    0.13206611573696136,
    0.12234189361333847,
    0.2921661138534546,
    0.20708045363426208
  ]
}