snr_db,a_std
1.0,0.117811
4.0,0.100060
7.0,0.084139
10.0,0.065114
13.0,0.048475
