{
  "A_std": 0.08470677956938744,
  "A_range": 0.2790283150970936,
  "I_A_corr": 0.9981134757399559,
  "channel_rel_mean": 0.4439125657081604,
  "delta_mean": 0.31009575352072716,
  "score_abs_mean": 0.24289642088115215
}