{
  "layer1": [
    0.12388590723276138,
    0.06531644612550735,
    0.14572784304618835,
    0.15658695995807648,
    0.3017664849758148,
    0.1029636412858963,
    0.10375270992517471
  ],
  "layer2": [
    0.10664606094360352,
    0.15378551185131073,
    0.07825908064842224,
    0.17617645859718323,
    0.26775699853897095,
    0.21737587451934814
  ]
}