{
  "meta": {
    "channel": "Rayleigh",
    "rician_k": 4.0,
    "rayleigh_equalize": false,
    "dataset": "cifar10",
    "image_size": 32,
    "batch_size": 16,
    "batch_index": 0,
    "sample_index": 0,
    "snr_db": -1.0,
    "budget": 1.0,
    "ratio": 0.1667,
    "latent_c": 8
  },
  "shared_channel_ctx": {
    "gamma_eff_db_stats": {
      "mean": -4.989620208740234,
      "std": 5.917657375335693,
      "min": -19.656126022338867,
      "max": 4.423079013824463
    },
    "gamma_eff_norm_stats": {
      "mean": 0.2943253815174103,
      "std": 0.15051697194576263,
      "min": 0.0,
      "max": 0.5549451112747192
    },
    "h_abs2_stats": {
      "mean": 0.7949845790863037,
      "std": 0.9196945428848267,
      "min": 0.01362659502774477,
      "max": 3.4858436584472656
    },
    "posteq_noise_var_stats": {
      "mean": 10.092875480651855,
      "std": 22.005983352661133,
      "min": 0.3611537218093872,
      "max": 92.38738250732422
    },
    "eq_quality_stats": {
      "mean": 0.6314786672592163,
      "std": 0.7305393218994141,
      "min": 0.010823989287018776,
      "max": 2.768903970718384
    }
  },
  "modes": {
    "full": {
      "mode": "full",
      "channel_ctx": {
        "gamma_eff_db_stats": {
          "mean": -4.989620208740234,
          "std": 5.917657375335693,
          "min": -19.656126022338867,
          "max": 4.423079013824463
        },
        "gamma_eff_norm_stats": {
          "mean": 0.2943253815174103,
          "std": 0.15051697194576263,
          "min": 0.0,
          "max": 0.5549451112747192
        },
        "h_abs2_stats": {
          "mean": 0.7949845790863037,
          "std": 0.9196945428848267,
          "min": 0.01362659502774477,
          "max": 3.4858436584472656
        },
        "posteq_noise_var_stats": {
          "mean": 10.092875480651855,
          "std": 22.005983352661133,
          "min": 0.3611537218093872,
          "max": 92.38738250732422
        },
        "eq_quality_stats": {
          "mean": 0.6314786672592163,
          "std": 0.7305393218994141,
          "min": 0.010823989287018776,
          "max": 2.768903970718384
        }
      },
      "I_stats": {
        "mean": 0.5013279914855957,
        "std": 0.15505047142505646,
        "min": 0.25039905309677124,
        "max": 0.8127451539039612
      },
      "channel_rel_stats": {
        "mean": 0.2943253815174103,
        "std": 0.15051697194576263,
        "min": 0.0,
        "max": 0.5549451112747192
      },
      "A_stats": {
        "mean": 0.9999999403953552,
        "std": 0.1269720047712326,
        "min": 0.7711149454116821,
        "max": 1.3464194536209106
      },
      "z_stats": {
        "mean": 17.055078506469727,
        "std": 108.36203002929688,
        "min": -563.3655395507812,
        "max": 454.4744873046875
      },
      "z_g_stats": {
        "mean": 17.06962776184082,
        "std": 114.28721618652344,
        "min": -681.4129028320312,
        "max": 562.89111328125
      },
      "z_tx_stats": {
        "mean": 0.15066970884799957,
        "std": 0.9885841608047485,
        "min": -4.652907848358154,
        "max": 4.886032581329346
      },
      "E_z_stats": {
        "mean": 12033.205078125,
        "std": 5709.0107421875,
        "min": 427.53643798828125,
        "max": 39645.12890625
      },
      "Ezg_stats": {
        "mean": 13352.94140625,
        "std": 9475.2314453125,
        "min": 307.3786926269531,
        "max": 65677.765625
      },
      "E_ztx_stats": {
        "mean": 1.0,
        "std": 0.656424880027771,
        "min": 0.03559323400259018,
        "max": 5.415352821350098
      },
      "A_hist": {
        "edges": [
          0.7711149454116821,
          0.8190569877624512,
          0.8669990301132202,
          0.9149410724639893,
          0.9628831148147583,
          1.0108251571655273,
          1.0587671995162964,
          1.1067092418670654,
          1.1546512842178345,
          1.2025933265686035,
          1.2505353689193726,
          1.2984774112701416,
          1.3464194536209106
        ],
        "counts": [
          51,
          117,
          151,
          133,
          134,
          97,
          100,
          87,
          78,
          50,
          20,
          6
        ]
      },
      "E_ztx_hist": {
        "edges": [
          0.03559323400259018,
          0.4839065372943878,
          0.9322198033332825,
          1.3805330991744995,
          1.8288464546203613,
          2.2771596908569336,
          2.725472927093506,
          3.1737864017486572,
          3.6220996379852295,
          4.070413112640381,
          4.518726348876953,
          4.967039585113525,
          5.415352821350098
        ],
        "counts": [
          231,
          346,
          212,
          123,
          63,
          29,
          10,
          5,
          3,
          1,
          0,
          1
        ]
      },
      "corr_A_I": 0.9283343553543091,
      "corr_A_gamma_eff": -0.013251811265945435,
      "mean_power_z": 12033.2060546875,
      "mean_power_z_g": 13352.94140625,
      "mean_power_z_tx": 1.0,
      "mean_abs_shift_gating": 9.603837966918945,
      "mean_abs_shift_tx_vs_pre": 85.6221923828125,
      "rule1_usage": {
        "0": 134,
        "1": 26,
        "2": 108,
        "3": 216,
        "4": 397,
        "5": 69,
        "6": 74
      },
      "rule2_usage": {
        "0": 111,
        "1": 84,
        "3": 344,
        "4": 221,
        "5": 264
      }
    }
  },
  "comparisons_to_full": {
    "full": {
      "A_l1_mean_to_full": 0.0,
      "A_l2_rel_to_full": 0.0,
      "z_tx_l1_mean_to_full": 0.0,
      "z_tx_l2_rel_to_full": 0.0,
      "corr_A_with_full_A": 1.0,
      "corr_z_tx_energy_with_full": 0.9999999403953552,
      "corr_A_with_gamma_eff": -0.013251811265945435
    }
  }
}