{
  "meta": {
    "snr_db": 1.0,
    "channel": "Rayleigh"
  },
  "modes": {
    "baseline": {
      "mode": "baseline",
      "channel_ctx": {
        "gamma_eff_db_stats": {
          "mean": -1.4233226776123047,
          "std": 5.621832370758057,
          "min": -54.675899505615234,
          "max": 11.016679763793945
        },
        "gamma_eff_norm_stats": {
          "mean": 0.6891373991966248,
          "std": 0.06613921374082565,
          "min": 0.06263647973537445,
          "max": 0.835490345954895
        }
      },
      "I_stats": {
        "mean": 0.7841982245445251,
        "std": 0.6205103993415833,
        "min": 0.00013546503032557666,
        "max": 5.030932903289795
      },
      "A_stats": {
        "mean": 1.0,
        "std": 0.0,
        "min": 1.0,
        "max": 1.0
      },
      "z_stats": {
        "mean": 0.15863960981369019,
        "std": 0.9873365759849548,
        "min": -4.401513576507568,
        "max": 5.030932903289795
      },
      "z_tx_stats": {
        "mean": 0.15863960981369019,
        "std": 0.9873365759849548,
        "min": -4.401513576507568,
        "max": 5.030932903289795
      },
      "E_z_stats": {
        "mean": 1.0,
        "std": 0.6044487953186035,
        "min": 0.08316205441951752,
        "max": 6.290404319763184
      },
      "E_ztx_stats": {
        "mean": 1.0,
        "std": 0.6044487953186035,
        "min": 0.08316205441951752,
        "max": 6.290404319763184
      },
      "corr_A_I": 0.0,
      "corr_A_gamma_eff": 0.0,
      "corr_A_Importance": 0.0
    },
    "linear": {
      "mode": "linear",
      "channel_ctx": {
        "gamma_eff_db_stats": {
          "mean": -1.4233226776123047,
          "std": 5.621832370758057,
          "min": -54.675899505615234,
          "max": 11.016679763793945
        },
        "gamma_eff_norm_stats": {
          "mean": 0.6891373991966248,
          "std": 0.06613921374082565,
          "min": 0.06263647973537445,
          "max": 0.835490345954895
        }
      },
      "I_stats": {
        "mean": 0.46773386001586914,
        "std": 0.16442570090293884,
        "min": 0.2513822019100189,
        "max": 0.8129180073738098
      },
      "A_stats": {
        "mean": 1.0,
        "std": 0.070823535323143,
        "min": 0.8707299828529358,
        "max": 1.2145752906799316
      },
      "z_stats": {
        "mean": 5.487456798553467,
        "std": 347.9447937011719,
        "min": -1637.9166259765625,
        "max": 1820.86376953125
      },
      "z_tx_stats": {
        "mean": 0.01774081401526928,
        "std": 0.9998425841331482,
        "min": -4.44801664352417,
        "max": 5.802349090576172
      },
      "E_z_stats": {
        "mean": 121095.6875,
        "std": 67397.4296875,
        "min": 14387.5849609375,
        "max": 495935.375
      },
      "E_ztx_stats": {
        "mean": 1.0,
        "std": 0.6498845219612122,
        "min": 0.0579158179461956,
        "max": 5.073355674743652
      },
      "corr_A_I": 0.9038957953453064,
      "corr_A_gamma_eff": 0.013389467261731625,
      "corr_A_Importance": 0.9038957953453064
    },
    "importance_only": {
      "mode": "importance_only",
      "channel_ctx": {
        "gamma_eff_db_stats": {
          "mean": -1.4233226776123047,
          "std": 5.621832370758057,
          "min": -54.675899505615234,
          "max": 11.016679763793945
        },
        "gamma_eff_norm_stats": {
          "mean": 0.6891373991966248,
          "std": 0.06613921374082565,
          "min": 0.06263647973537445,
          "max": 0.835490345954895
        }
      },
      "I_stats": {
        "mean": 0.45433416962623596,
        "std": 0.16598598659038544,
        "min": 0.25125670433044434,
        "max": 0.8124001622200012
      },
      "A_stats": {
        "mean": 1.0,
        "std": 0.07662911713123322,
        "min": 0.8679747581481934,
        "max": 1.2091083526611328
      },
      "z_stats": {
        "mean": 4.313495635986328,
        "std": 353.7023620605469,
        "min": -1646.594482421875,
        "max": 1854.6307373046875
      },
      "z_tx_stats": {
        "mean": 0.012910113669931889,
        "std": 0.9999166131019592,
        "min": -4.378498554229736,
        "max": 5.724221229553223
      },
      "E_z_stats": {
        "mean": 125123.96875,
        "std": 73983.5625,
        "min": 12708.556640625,
        "max": 539914.5
      },
      "E_ztx_stats": {
        "mean": 1.0,
        "std": 0.6884632110595703,
        "min": 0.04717196524143219,
        "max": 5.296027183532715
      },
      "corr_A_I": 0.9036327004432678,
      "corr_A_gamma_eff": 0.08757403492927551,
      "corr_A_Importance": 0.9036327004432678
    },
    "snr_only": {
      "mode": "snr_only",
      "channel_ctx": {
        "gamma_eff_db_stats": {
          "mean": -1.4233226776123047,
          "std": 5.621832370758057,
          "min": -54.675899505615234,
          "max": 11.016679763793945
        },
        "gamma_eff_norm_stats": {
          "mean": 0.6891373991966248,
          "std": 0.06613921374082565,
          "min": 0.06263647973537445,
          "max": 0.835490345954895
        }
      },
      "I_stats": {
        "mean": 0.5,
        "std": 0.0,
        "min": 0.5,
        "max": 0.5
      },
      "A_stats": {
        "mean": 1.0,
        "std": 0.0,
        "min": 1.0,
        "max": 1.0
      },
      "z_stats": {
        "mean": 14.373229026794434,
        "std": 68.7114486694336,
        "min": -305.694091796875,
        "max": 339.6089172363281
      },
      "z_tx_stats": {
        "mean": 0.20939762890338898,
        "std": 0.9778305888175964,
        "min": -4.398081302642822,
        "max": 5.333754062652588
      },
      "E_z_stats": {
        "mean": 4927.85302734375,
        "std": 3444.003173828125,
        "min": 354.9510803222656,
        "max": 26388.517578125
      },
      "E_ztx_stats": {
        "mean": 1.0,
        "std": 0.6175225973129272,
        "min": 0.11195620149374008,
        "max": 7.295175552368164
      },
      "corr_A_I": 0.0,
      "corr_A_gamma_eff": 0.0,
      "corr_A_Importance": 0.0
    },
    "full": {
      "mode": "full",
      "channel_ctx": {
        "gamma_eff_db_stats": {
          "mean": -1.4233226776123047,
          "std": 5.621832370758057,
          "min": -54.675899505615234,
          "max": 11.016679763793945
        },
        "gamma_eff_norm_stats": {
          "mean": 0.6891373991966248,
          "std": 0.06613921374082565,
          "min": 0.06263647973537445,
          "max": 0.835490345954895
        }
      },
      "I_stats": {
        "mean": 0.47513848543167114,
        "std": 0.16506150364875793,
        "min": 0.25048813223838806,
        "max": 0.812287449836731
      },
      "A_stats": {
        "mean": 1.0,
        "std": 0.09327825903892517,
        "min": 0.8401398062705994,
        "max": 1.269004225730896
      },
      "z_stats": {
        "mean": 6.184544563293457,
        "std": 346.0845642089844,
        "min": -1611.3131103515625,
        "max": 1754.2852783203125
      },
      "z_tx_stats": {
        "mean": 0.01962968334555626,
        "std": 0.9998072981834412,
        "min": -4.4103217124938965,
        "max": 5.75732946395874
      },
      "E_z_stats": {
        "mean": 119812.765625,
        "std": 63474.4296875,
        "min": 15017.134765625,
        "max": 482024.5
      },
      "E_ztx_stats": {
        "mean": 1.0,
        "std": 0.6688841581344604,
        "min": 0.05788763612508774,
        "max": 5.000330448150635
      },
      "corr_A_I": 0.8895292282104492,
      "corr_A_gamma_eff": 0.053793057799339294,
      "corr_A_Importance": 0.8895292282104492
    }
  },
  "comparisons_to_full": {
    "baseline": {
      "A_l1_mean_to_full": 0.07826954126358032,
      "corr_A_with_full_A": 0.0
    },
    "linear": {
      "A_l1_mean_to_full": 0.024585053324699402,
      "corr_A_with_full_A": 0.9693730473518372
    },