{
  "meta": {
    "channel": "Rayleigh",
    "rician_k": 4.0,
    "rayleigh_equalize": false,
    "dataset": "cifar10",
    "image_size": 32,
    "batch_size": 16,
    "batch_index": 0,
    "sample_index": 0,
    "snr_db": 1.0,
    "budget": 1.0,
    "ratio": 0.1667,
    "latent_c": 8
  },
  "shared_channel_ctx": {
    "gamma_eff_db_stats": {
      "mean": -1.4332083463668823,
      "std": 5.550880432128906,
      "min": -40.31982421875,
      "max": 10.912775039672852
    },
    "gamma_eff_norm_stats": {
      "mean": 0.39068201184272766,
      "std": 0.14832435548305511,
      "min": 0.0,
      "max": 0.7403650283813477
    },
    "h_abs2_stats": {
      "mean": 1.013984203338623,
      "std": 1.0185341835021973,
      "min": 7.379340968327597e-05,
      "max": 9.801158905029297
    },
    "posteq_noise_var_stats": {
      "mean": 8.211336135864258,
      "std": 141.34970092773438,
      "min": 0.08104431629180908,
      "max": 10764.2158203125
    },
    "eq_quality_stats": {
      "mean": 1.2765305042266846,
      "std": 1.2822587490081787,
      "min": 9.290040179621428e-05,
      "max": 12.33892822265625
    }
  },
  "modes": {
    "linear": {
      "mode": "linear",
      "channel_ctx": {
        "gamma_eff_db_stats": {
          "mean": -1.4332083463668823,
          "std": 5.550880432128906,
          "min": -40.31982421875,
          "max": 10.912775039672852
        },
        "gamma_eff_norm_stats": {
          "mean": 0.39068201184272766,
          "std": 0.14832435548305511,
          "min": 0.0,
          "max": 0.7403650283813477
        },
        "h_abs2_stats": {
          "mean": 1.013984203338623,
          "std": 1.0185341835021973,
          "min": 7.379340968327597e-05,
          "max": 9.801158905029297
        },
        "posteq_noise_var_stats": {
          "mean": 8.211336135864258,
          "std": 141.34970092773438,
          "min": 0.08104431629180908,
          "max": 10764.2158203125
        },
        "eq_quality_stats": {
          "mean": 1.2765305042266846,
          "std": 1.2822587490081787,
          "min": 9.290040179621428e-05,
          "max": 12.33892822265625
        }
      },
      "I_stats": {
        "mean": 0.44965454936027527,
        "std": 0.1664455682039261,
        "min": 0.25096410512924194,
        "max": 0.8126662969589233
      },
      "channel_rel_stats": {
        "mean": 0.39068201184272766,
        "std": 0.14832435548305511,
        "min": 0.0,
        "max": 0.7403650283813477
      },
      "A_stats": {
        "mean": 1.0,
        "std": 0.07114632427692413,
        "min": 0.866420567035675,
        "max": 1.2401877641677856
      },
      "z_stats": {
        "mean": -0.07051771879196167,
        "std": 88.5423583984375,
        "min": -475.060546875,
        "max": 482.7058410644531
      },
      "z_g_stats": {
        "mean": -0.07392865419387817,
        "std": 91.45557403564453,
        "min": -505.6524963378906,
        "max": 556.322021484375
      },
      "z_tx_stats": {
        "mean": -0.0027100108563899994,
        "std": 0.9999963045120239,
        "min": -4.330110549926758,
        "max": 6.306920528411865
      },
      "E_z_stats": {
        "mean": 7839.75390625,
        "std": 4456.47216796875,
        "min": 1025.8992919921875,
        "max": 35560.3203125
      },
      "Ezg_stats": {
        "mean": 8364.126953125,
        "std": 6028.6064453125,
        "min": 1003.8616333007812,
        "max": 51808.52734375
      },
      "E_ztx_stats": {
        "mean": 1.0,
        "std": 0.6729228496551514,
        "min": 0.14781716465950012,
        "max": 7.971533298492432
      },
      "A_hist": {
        "edges": [
          0.866420567035675,
          0.8975678086280823,
          0.9287151098251343,
          0.9598623514175415,
          0.9910096526145935,
          1.0221569538116455,
          1.0533041954040527,
          1.08445143699646,
          1.1155986785888672,
          1.1467459201812744,
          1.1778932809829712,
          1.2090405225753784,
          1.2401877641677856
        ],
        "counts": [
          21,
          134,
          188,
          213,
          147,
          92,
          72,
          75,
          40,
          27,
          10,
          5
        ]
      },
      "E_ztx_hist": {
        "edges": [
          0.14781716465950012,
          0.7997934818267822,
          1.4517698287963867,
          2.103746175765991,
          2.7557225227355957,
          3.4076988697052,
          4.059675216674805,
          4.711651802062988,
          5.363627910614014,
          6.015604496002197,
          6.667580604553223,
          7.319557189941406,
          7.971533298492432
        ],
        "counts": [
          491,
          354,
          121,
          38,
          9,
          5,
          4,
          0,
          1,
          0,
          0,
          1
        ]
      },
      "corr_A_I": 0.8953229784965515,
      "corr_A_gamma_eff": null,
      "mean_power_z": 7839.75390625,
      "mean_power_z_g": 8364.126953125,
      "mean_power_z_tx": 1.0,
      "mean_abs_shift_gating": 4.252985954284668,
      "mean_abs_shift_tx_vs_pre": 68.39338684082031,
      "A_raw_stats": {
        "mean": -3.4924596548080444e-10,
        "std": 0.16399095952510834,
        "min": -0.33617162704467773,
        "max": 0.543923020362854
      },
      "rule1_usage": {
        "0": 116,
        "1": 21,
        "2": 60,
        "3": 161,
        "4": 561,
        "5": 62,
        "6": 43
      }
    },
    "importance_only": {
      "mode": "importance_only",
      "channel_ctx": {
        "gamma_eff_db_stats": {
          "mean": -1.4332083463668823,
          "std": 5.550880432128906,
          "min": -40.31982421875,
          "max": 10.912775039672852
        },
        "gamma_eff_norm_stats": {
          "mean": 0.39068201184272766,
          "std": 0.14832435548305511,
          "min": 0.0,
          "max": 0.7403650283813477
        },
        "h_abs2_stats": {
          "mean": 1.013984203338623,
          "std": 1.0185341835021973,
          "min": 7.379340968327597e-05,
          "max": 9.801158905029297
        },
        "posteq_noise_var_stats": {
          "mean": 8.211336135864258,
          "std": 141.34970092773438,
          "min": 0.08104431629180908,
          "max": 10764.2158203125
        },
        "eq_quality_stats": {
          "mean": 1.2765305042266846,
          "std": 1.2822587490081787,
          "min": 9.290040179621428e-05,
          "max": 12.33892822265625
        }
      },
      "I_stats": {
        "mean": 0.4365851879119873,
        "std": 0.16336394846439362,
        "min": 0.2505129873752594,
        "max": 0.8128165602684021
      },
      "channel_rel_stats": null,
      "A_stats": {
        "mean": 1.0,
        "std": 0.07637402415275574,
        "min": 0.8642777800559998,
        "max": 1.230066180229187
      },
      "z_stats": {
        "mean": 0.3767469525337219,
        "std": 84.82594299316406,
        "min": -453.6775207519531,
        "max": 440.5482177734375
      },
      "z_g_stats": {
        "mean": 0.41122907400131226,
        "std": 87.88398742675781,
        "min": -497.1896057128906,
        "max": 504.83172607421875
      },
      "z_tx_stats": {
        "mean": 0.0011503957211971283,
        "std": 0.9999993443489075,
        "min": -4.379918575286865,
        "max": 7.098562240600586
      },
      "E_z_stats": {
        "mean": 7195.58251953125,
        "std": 4226.67724609375,
        "min": 969.6244506835938,
        "max": 35780.2890625
      },
      "Ezg_stats": {
        "mean": 7723.763671875,
        "std": 5787.3583984375,
        "min": 950.058349609375,
        "max": 51883.4453125
      },
      "E_ztx_stats": {
        "mean": 1.0,
        "std": 0.7071313261985779,
        "min": 0.16715340316295624,
        "max": 8.83608341217041
      },