{
  "meta": {
    "channel": "Rayleigh",
    "rician_k": 4.0,
    "rayleigh_equalize": false,
    "dataset": "cifar10",
    "image_size": 32,
    "batch_size": 16,
    "batch_index": 0,
    "sample_index": 0,
    "snr_db": 13.0,
    "budget": 1.0,
    "ratio": 0.1667,
    "latent_c": 8
  },
  "shared_channel_ctx": {
    "gamma_eff_db_stats": {
      "mean": 10.505463600158691,
      "std": 5.562352180480957,
      "min": -26.54993438720703,
      "max": 22.135852813720703
    },
    "gamma_eff_norm_stats": {
      "mean": 0.7287217378616333,
      "std": 0.15811796486377716,
      "min": 0.0,
      "max": 1.0
    },
    "h_abs2_stats": {
      "mean": 1.0018863677978516,
      "std": 0.994965136051178,
      "min": 0.0001109191362047568,
      "max": 8.195685386657715
    },
    "posteq_noise_var_stats": {
      "mean": 0.41730448603630066,
      "std": 4.6458635330200195,
      "min": 0.006115256808698177,
      "max": 451.84918212890625
    },
    "eq_quality_stats": {
      "mean": 19.990262985229492,
      "std": 19.852163314819336,
      "min": 0.002213127911090851,
      "max": 163.5254364013672
    }
  },
  "modes": {
    "linear": {
      "mode": "linear",
      "channel_ctx": {
        "gamma_eff_db_stats": {
          "mean": 10.505463600158691,
          "std": 5.562352180480957,
          "min": -26.54993438720703,
          "max": 22.135852813720703
        },
        "gamma_eff_norm_stats": {
          "mean": 0.7287217378616333,
          "std": 0.15811796486377716,
          "min": 0.0,
          "max": 1.0
        },
        "h_abs2_stats": {
          "mean": 1.0018863677978516,
          "std": 0.994965136051178,
          "min": 0.0001109191362047568,
          "max": 8.195685386657715
        },
        "posteq_noise_var_stats": {
          "mean": 0.41730448603630066,
          "std": 4.6458635330200195,
          "min": 0.006115256808698177,
          "max": 451.84918212890625
        },
        "eq_quality_stats": {
          "mean": 19.990262985229492,
          "std": 19.852163314819336,
          "min": 0.002213127911090851,
          "max": 163.5254364013672
        }
      },
      "I_stats": {
        "mean": 0.44965454936027527,
        "std": 0.1664455682039261,
        "min": 0.25096410512924194,
        "max": 0.8126662969589233
      },
      "channel_rel_stats": {
        "mean": 0.7287217378616333,
        "std": 0.15811796486377716,
        "min": 0.0,
        "max": 1.0
      },
      "A_stats": {
        "mean": 1.0,
        "std": 0.041329462081193924,
        "min": 0.9199042320251465,
        "max": 1.1347726583480835
      },
      "z_stats": {
        "mean": -0.07051771879196167,
        "std": 88.5423583984375,
        "min": -475.060546875,
        "max": 482.7058410644531
      },
      "z_g_stats": {
        "mean": -0.07240289449691772,
        "std": 90.16698455810547,
        "min": -493.0414733886719,
        "max": 524.8667602539062
      },
      "z_tx_stats": {
        "mean": -0.0027781007811427116,
        "std": 0.9999961256980896,
        "min": -4.219782829284668,
        "max": 5.86139440536499
      },
      "E_z_stats": {
        "mean": 7839.75390625,
        "std": 4456.47216796875,
        "min": 1025.8992919921875,
        "max": 35560.3203125
      },
      "Ezg_stats": {
        "mean": 8130.0908203125,
        "std": 5314.05859375,
        "min": 1013.4169311523438,
        "max": 44374.09375
      },
      "E_ztx_stats": {
        "mean": 1.0,
        "std": 0.5923160314559937,
        "min": 0.1684490442276001,
        "max": 6.885080814361572
      },
      "A_hist": {
        "edges": [
          0.9199042320251465,
          0.937809944152832,
          0.9557156562805176,
          0.9736213684082031,
          0.9915270209312439,
          1.0094327926635742,
          1.0273385047912598,
          1.0452440977096558,
          1.0631498098373413,
          1.0810555219650269,
          1.0989612340927124,
          1.116866946220398,
          1.1347726583480835
        ],
        "counts": [
          17,
          112,
          186,
          202,
          148,
          106,
          75,
          80,
          52,
          27,
          11,
          8
        ]
      },
      "E_ztx_hist": {
        "edges": [
          0.1684490442276001,
          0.7281683683395386,
          1.287887692451477,
          1.8476070165634155,
          2.4073262214660645,
          2.967045545578003,
          3.5267648696899414,
          4.086484432220459,
          4.646203517913818,
          5.205923080444336,
          5.765642166137695,
          6.325361728668213,
          6.885080814361572
        ],
        "counts": [
          379,
          407,
          163,
          49,
          13,
          7,
          4,
          0,
          1,
          0,
          0,
          1
        ]
      },
      "corr_A_I": 0.8955727815628052,
      "corr_A_gamma_eff": null,
      "mean_power_z": 7839.75390625,
      "mean_power_z_g": 8130.0908203125,
      "mean_power_z_tx": 1.0,
      "mean_abs_shift_gating": 2.4741616249084473,
      "mean_abs_shift_tx_vs_pre": 68.38697814941406,
      "A_raw_stats": {
        "mean": -3.4924596548080444e-10,
        "std": 0.16399095952510834,
        "min": -0.33617162704467773,
        "max": 0.543923020362854
      },
      "rule1_usage": {
        "0": 116,
        "1": 21,
        "2": 60,
        "3": 161,
        "4": 561,
        "5": 62,
        "6": 43
      }
    },
    "importance_only": {
      "mode": "importance_only",
      "channel_ctx": {
        "gamma_eff_db_stats": {
          "mean": 10.505463600158691,
          "std": 5.562352180480957,
          "min": -26.54993438720703,
          "max": 22.135852813720703
        },
        "gamma_eff_norm_stats": {
          "mean": 0.7287217378616333,
          "std": 0.15811796486377716,
          "min": 0.0,
          "max": 1.0
        },
        "h_abs2_stats": {
          "mean": 1.0018863677978516,
          "std": 0.994965136051178,
          "min": 0.0001109191362047568,
          "max": 8.195685386657715
        },
        "posteq_noise_var_stats": {
          "mean": 0.41730448603630066,
          "std": 4.6458635330200195,
          "min": 0.006115256808698177,
          "max": 451.84918212890625
        },
        "eq_quality_stats": {
          "mean": 19.990262985229492,
          "std": 19.852163314819336,
          "min": 0.002213127911090851,
          "max": 163.5254364013672
        }
      },
      "I_stats": {
        "mean": 0.4365851879119873,
        "std": 0.16336394846439362,
        "min": 0.2505129873752594,
        "max": 0.8128165602684021
      },
      "channel_rel_stats": null,
      "A_stats": {
        "mean": 1.0,
        "std": 0.07637402415275574,
        "min": 0.8642777800559998,
        "max": 1.230066180229187
      },
      "z_stats": {
        "mean": 0.3767469525337219,
        "std": 84.82594299316406,
        "min": -453.6775207519531,
        "max": 440.5482177734375
      },
      "z_g_stats": {
        "mean": 0.41122907400131226,
        "std": 87.88398742675781,
        "min": -497.1896057128906,
        "max": 504.83172607421875
      },
      "z_tx_stats": {
        "mean": 0.0011503957211971283,
        "std": 0.9999993443489075,
        "min": -4.379918575286865,
        "max": 7.098562240600586
      },
      "E_z_stats": {
        "mean": 7195.58251953125,
        "std": 4226.67724609375,
        "min": 969.6244506835938,
        "max": 35780.2890625
      },
      "Ezg_stats": {
        "mean": 7723.763671875,
        "std": 5787.3583984375,
        "min": 950.058349609375,
        "max": 51883.4453125
      },
      "E_ztx_stats": {
        "mean": 1.0,
        "std": 0.7071313261985779,
        "min": 0.16715340316295624,
        "max": 8.83608341217041
      },