{
  "meta": {
    "channel": "Rayleigh",
    "rician_k": 4.0,
    "rayleigh_equalize": false,
    "dataset": "cifar10",
    "image_size": 32,
    "batch_size": 16,
    "batch_index": 0,
    "sample_index": 0,
    "snr_db": 7.0,
    "budget": 1.0,
    "ratio": 0.1667,
    "latent_c": 8
  },
  "shared_channel_ctx": {
    "gamma_eff_db_stats": {
      "mean": 4.506418228149414,
      "std": 5.561578273773193,
      "min": -46.0753288269043,
      "max": 17.625709533691406
    },
    "gamma_eff_norm_stats": {
      "mean": 0.5579950213432312,
      "std": 0.1560538113117218,
      "min": 0.0,
      "max": 0.9321631193161011
    },
    "h_abs2_stats": {
      "mean": 1.006853699684143,
      "std": 1.0187654495239258,
      "min": 4.925691882817773e-06,
      "max": 11.549703598022461
    },
    "posteq_noise_var_stats": {
      "mean": 3.9440202713012695,
      "std": 316.6300354003906,
      "min": 0.01727544143795967,
      "max": 40507.25
    },
    "eq_quality_stats": {
      "mean": 5.046221733093262,
      "std": 5.105922222137451,
      "min": 2.4686938559170812e-05,
      "max": 57.88563919067383
    }
  },
  "modes": {
    "linear": {
      "mode": "linear",
      "channel_ctx": {
        "gamma_eff_db_stats": {
          "mean": 4.506418228149414,
          "std": 5.561578273773193,
          "min": -46.0753288269043,
          "max": 17.625709533691406
        },
        "gamma_eff_norm_stats": {
          "mean": 0.5579950213432312,
          "std": 0.1560538113117218,
          "min": 0.0,
          "max": 0.9321631193161011
        },
        "h_abs2_stats": {
          "mean": 1.006853699684143,
          "std": 1.0187654495239258,
          "min": 4.925691882817773e-06,
          "max": 11.549703598022461
        },
        "posteq_noise_var_stats": {
          "mean": 3.9440202713012695,
          "std": 316.6300354003906,
          "min": 0.01727544143795967,
          "max": 40507.25
        },
        "eq_quality_stats": {
          "mean": 5.046221733093262,
          "std": 5.105922222137451,
          "min": 2.4686938559170812e-05,
          "max": 57.88563919067383
        }
      },
      "I_stats": {
        "mean": 0.44965454936027527,
        "std": 0.1664455682039261,
        "min": 0.25096410512924194,
        "max": 0.8126662969589233
      },
      "channel_rel_stats": {
        "mean": 0.5579950213432312,
        "std": 0.1560538113117218,
        "min": 0.0,
        "max": 0.9321631193161011
      },
      "A_stats": {
        "mean": 0.9999999403953552,
        "std": 0.056170541793107986,
        "min": 0.8928511738777161,
        "max": 1.186362862586975
      },
      "z_stats": {
        "mean": -0.07051771879196167,
        "std": 88.5423583984375,
        "min": -475.060546875,
        "max": 482.7058410644531
      },
      "z_g_stats": {
        "mean": -0.0731431245803833,
        "std": 90.79620361328125,
        "min": -499.3570556640625,
        "max": 540.4169311523438
      },
      "z_tx_stats": {
        "mean": -0.0027430877089500427,
        "std": 0.9999961853027344,
        "min": -4.250373363494873,
        "max": 6.081768035888672
      },
      "E_z_stats": {
        "mean": 7839.75390625,
        "std": 4456.47216796875,
        "min": 1025.8992919921875,
        "max": 35560.3203125
      },
      "Ezg_stats": {
        "mean": 8243.9560546875,
        "std": 5659.560546875,
        "min": 1008.7178955078125,
        "max": 47954.51953125
      },
      "E_ztx_stats": {
        "mean": 0.9999999403953552,
        "std": 0.632037878036499,
        "min": 0.1578824818134308,
        "max": 7.412536144256592
      },
      "A_hist": {
        "edges": [
          0.8928511738777161,
          0.9173104763031006,
          0.9417697787284851,
          0.9662290811538696,
          0.9906883835792542,
          1.0151476860046387,
          1.039607048034668,
          1.0640662908554077,
          1.088525652885437,
          1.1129848957061768,
          1.137444257736206,
          1.1619035005569458,
          1.186362862586975
        ],
        "counts": [
          17,
          130,
          182,
          208,
          143,
          103,
          75,
          76,
          47,
          25,
          12,
          6
        ]
      },
      "E_ztx_hist": {
        "edges": [
          0.1578824818134308,
          0.7624369263648987,
          1.366991400718689,
          1.971545934677124,
          2.5761003494262695,
          3.180654764175415,
          3.7852094173431396,
          4.389763832092285,
          4.99431848526001,
          5.598872661590576,
          6.203427314758301,
          6.807981491088867,
          7.412536144256592
        ],
        "counts": [
          432,
          387,
          141,
          41,
          11,
          6,
          4,
          0,
          1,
          0,
          0,
          1
        ]
      },
      "corr_A_I": 0.8954775929450989,
      "corr_A_gamma_eff": null,
      "mean_power_z": 7839.75390625,
      "mean_power_z_g": 8243.95703125,
      "mean_power_z_tx": 1.0,
      "mean_abs_shift_gating": 3.3602888584136963,
      "mean_abs_shift_tx_vs_pre": 68.39007568359375,
      "A_raw_stats": {
        "mean": -3.4924596548080444e-10,
        "std": 0.16399095952510834,
        "min": -0.33617162704467773,
        "max": 0.543923020362854
      },
      "rule1_usage": {
        "0": 116,
        "1": 21,
        "2": 60,
        "3": 161,
        "4": 561,
        "5": 62,
        "6": 43
      }
    },
    "importance_only": {
      "mode": "importance_only",
      "channel_ctx": {
        "gamma_eff_db_stats": {
          "mean": 4.506418228149414,
          "std": 5.561578273773193,
          "min": -46.0753288269043,
          "max": 17.625709533691406
        },
        "gamma_eff_norm_stats": {
          "mean": 0.5579950213432312,
          "std": 0.1560538113117218,
          "min": 0.0,
          "max": 0.9321631193161011
        },
        "h_abs2_stats": {
          "mean": 1.006853699684143,
          "std": 1.0187654495239258,
          "min": 4.925691882817773e-06,
          "max": 11.549703598022461
        },
        "posteq_noise_var_stats": {
          "mean": 3.9440202713012695,
          "std": 316.6300354003906,
          "min": 0.01727544143795967,
          "max": 40507.25
        },
        "eq_quality_stats": {
          "mean": 5.046221733093262,
          "std": 5.105922222137451,
          "min": 2.4686938559170812e-05,
          "max": 57.88563919067383
        }
      },
      "I_stats": {
        "mean": 0.4365851879119873,
        "std": 0.16336394846439362,
        "min": 0.2505129873752594,
        "max": 0.8128165602684021
      },
      "channel_rel_stats": null,
      "A_stats": {
        "mean": 1.0,
        "std": 0.07637402415275574,
        "min": 0.8642777800559998,
        "max": 1.230066180229187
      },
      "z_stats": {
        "mean": 0.3767469525337219,
        "std": 84.82594299316406,
        "min": -453.6775207519531,
        "max": 440.5482177734375
      },
      "z_g_stats": {
        "mean": 0.41122907400131226,
        "std": 87.88398742675781,
        "min": -497.1896057128906,
        "max": 504.83172607421875
      },
      "z_tx_stats": {
        "mean": 0.0011503957211971283,
        "std": 0.9999993443489075,
        "min": -4.379918575286865,
        "max": 7.098562240600586
      },
      "E_z_stats": {
        "mean": 7195.58251953125,
        "std": 4226.67724609375,
        "min": 969.6244506835938,
        "max": 35780.2890625
      },
      "Ezg_stats": {
        "mean": 7723.763671875,
        "std": 5787.3583984375,
        "min": 950.058349609375,
        "max": 51883.4453125
      },
      "E_ztx_stats": {
        "mean": 1.0,
        "std": 0.7071313261985779,
        "min": 0.16715340316295624,
        "max": 8.83608341217041
      },