{
  "meta": {
    "snr_db": 7.0,
    "channel": "AWGN"
  },
  "modes": {
    "baseline": {
      "mode": "baseline",
      "channel_ctx": {
        "gamma_eff_db_stats": {
          "mean": 7.000000476837158,
          "std": 0.0,
          "min": 7.000000476837158,
          "max": 7.000000476837158
        },
        "gamma_eff_norm_stats": {
          "mean": 0.7882352471351624,
          "std": 0.0,
          "min": 0.7882353067398071,
          "max": 0.7882353067398071
        }
      },
      "I_stats": {
        "mean": 0.7621866464614868,
        "std": 0.6473572254180908,
        "min": 0.00019987970881629735,
        "max": 5.832329273223877
      },
      "A_stats": {
        "mean": 1.0,
        "std": 0.0,
        "min": 1.0,
        "max": 1.0
      },
      "z_stats": {
        "mean": 0.001814275048673153,
        "std": 0.9999983310699463,
        "min": -5.832329273223877,
        "max": 4.701141834259033
      },
      "z_tx_stats": {
        "mean": 0.001814272254705429,
        "std": 0.9999983310699463,
        "min": -5.832329273223877,
        "max": 4.701141834259033
      },
      "E_z_stats": {
        "mean": 1.0,
        "std": 0.6130195260047913,
        "min": 0.04754248261451721,
        "max": 7.054141044616699
      },
      "E_ztx_stats": {
        "mean": 1.0,
        "std": 0.6130195260047913,
        "min": 0.04754248261451721,
        "max": 7.054141044616699
      },
      "corr_A_I": 0.0,
      "corr_A_gamma_eff": 0.0,
      "corr_A_Importance": 0.0
    },
    "linear": {
      "mode": "linear",
      "channel_ctx": {
        "gamma_eff_db_stats": {
          "mean": 7.000000476837158,
          "std": 0.0,
          "min": 7.000000476837158,
          "max": 7.000000476837158
        },
        "gamma_eff_norm_stats": {
          "mean": 0.7882352471351624,
          "std": 0.0,
          "min": 0.7882353067398071,
          "max": 0.7882353067398071
        }
      },
      "I_stats": {
        "mean": 0.4288039803504944,
        "std": 0.1633789837360382,
        "min": 0.24983638525009155,
        "max": 0.8129926919937134
      },
      "A_stats": {
        "mean": 1.0,
        "std": 0.05701645836234093,
        "min": 0.8961143493652344,
        "max": 1.1885145902633667
      },
      "z_stats": {
        "mean": 2.4951467514038086,
        "std": 89.8221435546875,
        "min": -443.0403747558594,
        "max": 363.0552062988281
      },
      "z_tx_stats": {
        "mean": 0.02754594013094902,
        "std": 0.9996205568313599,
        "min": -6.931018829345703,
        "max": 4.985208511352539
      },
      "E_z_stats": {
        "mean": 8074.244140625,
        "std": 4590.98486328125,
        "min": 1683.9154052734375,
        "max": 33634.4296875
      },
      "E_ztx_stats": {
        "mean": 1.0,
        "std": 0.634602427482605,
        "min": 0.2355787605047226,
        "max": 7.905182838439941
      },
      "corr_A_I": 0.9242451190948486,
      "corr_A_gamma_eff": 0.0,
      "corr_A_Importance": 0.9242451190948486
    },
    "importance_only": {
      "mode": "importance_only",
      "channel_ctx": {
        "gamma_eff_db_stats": {
          "mean": 7.000000476837158,
          "std": 0.0,
          "min": 7.000000476837158,
          "max": 7.000000476837158
        },
        "gamma_eff_norm_stats": {
          "mean": 0.7882352471351624,
          "std": 0.0,
          "min": 0.7882353067398071,
          "max": 0.7882353067398071
        }
      },
      "I_stats": {
        "mean": 0.42326247692108154,
        "std": 0.16472195088863373,
        "min": 0.2504296898841858,
        "max": 0.8126603364944458
      },
      "A_stats": {
        "mean": 1.0,
        "std": 0.07689127326011658,
        "min": 0.8663976788520813,
        "max": 1.2300409078598022
      },
      "z_stats": {
        "mean": 2.5549559593200684,
        "std": 91.06694030761719,
        "min": -461.9715270996094,
        "max": 375.6122131347656
      },
      "z_tx_stats": {
        "mean": 0.02822554111480713,
        "std": 0.9996016025543213,
        "min": -7.3637237548828125,
        "max": 4.869889736175537
      },
      "E_z_stats": {
        "mean": 8299.71484375,
        "std": 4958.40771484375,
        "min": 1794.148193359375,
        "max": 33731.28125
      },
      "E_ztx_stats": {
        "mean": 1.0,
        "std": 0.7142557501792908,
        "min": 0.21705380082130432,
        "max": 8.570326805114746
      },
      "corr_A_I": 0.9164907932281494,
      "corr_A_gamma_eff": 0.0,
      "corr_A_Importance": 0.9164907932281494
    },
    "snr_only": {
      "mode": "snr_only",
      "channel_ctx": {
        "gamma_eff_db_stats": {
          "mean": 7.000000476837158,
          "std": 0.0,
          "min": 7.000000476837158,
          "max": 7.000000476837158
        },
        "gamma_eff_norm_stats": {
          "mean": 0.7882352471351624,
          "std": 0.0,
          "min": 0.7882353067398071,
          "max": 0.7882353067398071
        }
      },
      "I_stats": {
        "mean": 0.5,
        "std": 0.0,
        "min": 0.5,
        "max": 0.5
      },
      "A_stats": {
        "mean": 1.0,
        "std": 0.0,
        "min": 1.0,
        "max": 1.0
      },
      "z_stats": {
        "mean": 0.1941494196653366,
        "std": 20.77310562133789,
        "min": -121.60986328125,
        "max": 111.64784240722656
      },
      "z_tx_stats": {
        "mean": 0.001814275048673153,
        "std": 0.9999983310699463,
        "min": -5.832329750061035,
        "max": 4.701141834259033
      },
      "E_z_stats": {
        "mean": 431.55963134765625,
        "std": 313.8176574707031,
        "min": 24.860225677490234,
        "max": 2470.458251953125
      },
      "E_ztx_stats": {
        "mean": 1.0,
        "std": 0.6130195260047913,
        "min": 0.04754248261451721,
        "max": 7.054141044616699
      },
      "corr_A_I": 0.0,
      "corr_A_gamma_eff": 0.0,
      "corr_A_Importance": 0.0
    },
    "full": {
      "mode": "full",
      "channel_ctx": {
        "gamma_eff_db_stats": {
          "mean": 7.000000476837158,
          "std": 0.0,
          "min": 7.000000476837158,
          "max": 7.000000476837158
        },
        "gamma_eff_norm_stats": {
          "mean": 0.7882352471351624,
          "std": 0.0,
          "min": 0.7882353067398071,
          "max": 0.7882353067398071
        }
      },
      "I_stats": {
        "mean": 0.43076634407043457,
        "std": 0.15792684257030487,
        "min": 0.25046566128730774,
        "max": 0.8109530806541443
      },
      "A_stats": {
        "mean": 1.0,
        "std": 0.06272199749946594,
        "min": 0.8815938234329224,
        "max": 1.2048976421356201
      },
      "z_stats": {
        "mean": 0.4437945783138275,
        "std": 29.436330795288086,
        "min": -149.44972229003906,
        "max": 147.838134765625
      },
      "z_tx_stats": {
        "mean": 0.008053654804825783,
        "std": 0.9999675154685974,
        "min": -7.105312347412109,
        "max": 4.704710006713867
      },
      "E_z_stats": {
        "mean": 866.6945190429688,
        "std": 519.1585693359375,
        "min": 42.565452575683594,
        "max": 3611.2265625
      },
      "E_ztx_stats": {
        "mean": 1.0,
        "std": 0.653830885887146,
        "min": 0.05434425547719002,
        "max": 7.838451862335205
      },
      "corr_A_I": 0.9112238883972168,
      "corr_A_gamma_eff": 0.0,
      "corr_A_Importance": 0.9112238883972168
    }
  },
  "comparisons_to_full": {
    "baseline": {
      "A_l1_mean_to_full": 0.05150372162461281,
      "corr_A_with_full_A": 0.0
    },
    "linear": {
      "A_l1_mean_to_full": 0.024944590404629707,
      "corr_A_with_full_A": 0.8374797105789185
    },
    "importance_only": {
      "A_l1_mean_to_full": 0.03175155073404312,
      "corr_A_with_full_A": 0.8279935717582703
    },
    "snr_only": {
      "A_l1_mean_to_full": 0.05150372162461281,
      "corr_A_with_full_A": 0.0
    }
  }
}