{
  "A_std": 0.07383620925247669,
  "A_range": 0.25509127229452133,
  "I_A_corr": 0.9982020109891891,
  "channel_rel_mean": 0.5,
  "delta_mean": 0.30000001192092896,
  "score_abs_mean": 0.21714442782104015
}