{
  "layer1": [
    0.1319248527288437,
    0.07331256568431854,
    0.1555844247341156,
    0.1675262302160263,
    0.2528892457485199,
    0.09521555155515671,
    0.12354715913534164
  ],
  "layer2": [
    0.09121968597173691,
    0.1866748034954071,
    0.09121968597173691,
    0.13843899965286255,
    0.30460187792778015,
    0.18784502148628235
  ]
}