{
  "A_std": 0.08199962694197893,
  "A_range": 0.27533184736967087,
  "I_A_corr": 0.9981827437877655,
  "channel_rel_mean": 0.436089638620615,
  "delta_mean": 0.3115038722753525,
  "score_abs_mean": 0.2333074864000082
}