{
  "layer1": [
    0.14077073335647583,
    0.06668219715356827,
    0.15608695149421692,
    0.16387274861335754,
    0.2584123909473419,
    0.10068318992853165,
    0.11349179595708847
  ],
  "layer2": [
    0.1137581318616867,
    0.16552138328552246,
    0.08305727690458298,
    0.175391286611557,
    0.2674032151699066,
    0.19486871361732483
  ]
}