{
  "meta": {
    "channel": "Rayleigh",
    "rician_k": 4.0,
    "rayleigh_equalize": false,
    "dataset": "cifar10",
    "image_size": 32,
    "batch_size": 16,
    "batch_index": 0,
    "sample_index": 0,
    "snr_db": 10.0,
    "budget": 1.0,
    "ratio": 0.1667,
    "latent_c": 8
  },
  "shared_channel_ctx": {
    "gamma_eff_db_stats": {
      "mean": 7.409193515777588,
      "std": 5.598929405212402,
      "min": -37.881587982177734,
      "max": 20.543481826782227
    },
    "gamma_eff_norm_stats": {
      "mean": 0.6406517028808594,
      "std": 0.15803761780261993,
      "min": 0.0,
      "max": 1.0
    },
    "h_abs2_stats": {
      "mean": 0.9925389289855957,
      "std": 1.0156848430633545,
      "min": 1.6287001926684752e-05,
      "max": 11.333083152770996
    },
    "posteq_noise_var_stats": {
      "mean": 1.5240638256072998,
      "std": 59.00971603393555,
      "min": 0.008823723532259464,
      "max": 6139.865234375
    },
    "eq_quality_stats": {
      "mean": 9.925390243530273,
      "std": 10.156848907470703,
      "min": 0.00016287002654280514,
      "max": 113.33084106445312
    }
  },
  "modes": {
    "linear": {
      "mode": "linear",
      "channel_ctx": {
        "gamma_eff_db_stats": {
          "mean": 7.409193515777588,
          "std": 5.598929405212402,
          "min": -37.881587982177734,
          "max": 20.543481826782227
        },
        "gamma_eff_norm_stats": {
          "mean": 0.6406517028808594,
          "std": 0.15803761780261993,
          "min": 0.0,
          "max": 1.0
        },
        "h_abs2_stats": {
          "mean": 0.9925389289855957,
          "std": 1.0156848430633545,
          "min": 1.6287001926684752e-05,
          "max": 11.333083152770996
        },
        "posteq_noise_var_stats": {
          "mean": 1.5240638256072998,
          "std": 59.00971603393555,
          "min": 0.008823723532259464,
          "max": 6139.865234375
        },
        "eq_quality_stats": {
          "mean": 9.925390243530273,
          "std": 10.156848907470703,
          "min": 0.00016287002654280514,
          "max": 113.33084106445312
        }
      },
      "I_stats": {
        "mean": 0.44965454936027527,
        "std": 0.1664455682039261,
        "min": 0.25096410512924194,
        "max": 0.8126662969589233
      },
      "channel_rel_stats": {
        "mean": 0.6406517028808594,
        "std": 0.15803761780261993,
        "min": 0.0,
        "max": 1.0
      },
      "A_stats": {
        "mean": 1.0,
        "std": 0.04873325675725937,
        "min": 0.9062994122505188,
        "max": 1.1602938175201416
      },
      "z_stats": {
        "mean": -0.07051771879196167,
        "std": 88.5423583984375,
        "min": -475.060546875,
        "max": 482.7058410644531
      },
      "z_g_stats": {
        "mean": -0.07276773452758789,
        "std": 90.47786712646484,
        "min": -496.2016296386719,
        "max": 532.59765625
      },
      "z_tx_stats": {
        "mean": -0.0027603665366768837,
        "std": 0.9999961853027344,
        "min": -4.235227108001709,
        "max": 5.970970153808594
      },
      "E_z_stats": {
        "mean": 7839.75390625,
        "std": 4456.47216796875,
        "min": 1025.8992919921875,
        "max": 35560.3203125
      },
      "Ezg_stats": {
        "mean": 8186.25,
        "std": 5483.919921875,
        "min": 1011.0869140625,
        "max": 46131.26171875
      },
      "E_ztx_stats": {
        "mean": 1.0,
        "std": 0.6120297908782959,
        "min": 0.16310274600982666,
        "max": 7.144912242889404
      },
      "A_hist": {
        "edges": [
          0.9062994122505188,
          0.9274656176567078,
          0.9486318230628967,
          0.9697980284690857,
          0.9909642338752747,
          1.0121303796768188,
          1.0332965850830078,
          1.0544627904891968,
          1.0756289958953857,
          1.0967952013015747,
          1.1179614067077637,
          1.1391276121139526,
          1.1602938175201416
        ],
        "counts": [
          17,
          121,
          186,
          204,
          143,
          108,
          71,
          78,
          51,
          27,
          12,
          6
        ]
      },
      "E_ztx_hist": {
        "edges": [
          0.16310274600982666,
          0.7449201941490173,
          1.326737642288208,
          1.9085551500320435,
          2.490372657775879,
          3.072190046310425,
          3.6540074348449707,
          4.235825061798096,
          4.8176422119140625,
          5.3994598388671875,
          5.9812774658203125,
          6.563094615936279,
          7.144912242889404
        ],
        "counts": [
          408,
          397,
          148,
          46,
          13,
          6,
          4,
          0,
          1,
          0,
          0,
          1
        ]
      },
      "corr_A_I": 0.8955326676368713,
      "corr_A_gamma_eff": null,
      "mean_power_z": 7839.75390625,
      "mean_power_z_g": 8186.25,
      "mean_power_z_tx": 1.0,
      "mean_abs_shift_gating": 2.916400909423828,
      "mean_abs_shift_tx_vs_pre": 68.38850402832031,
      "A_raw_stats": {
        "mean": -3.4924596548080444e-10,
        "std": 0.16399095952510834,
        "min": -0.33617162704467773,
        "max": 0.543923020362854
      },
      "rule1_usage": {
        "0": 116,
        "1": 21,
        "2": 60,
        "3": 161,
        "4": 561,
        "5": 62,
        "6": 43
      }
    },
    "importance_only": {
      "mode": "importance_only",
      "channel_ctx": {
        "gamma_eff_db_stats": {
          "mean": 7.409193515777588,
          "std": 5.598929405212402,
          "min": -37.881587982177734,
          "max": 20.543481826782227
        },
        "gamma_eff_norm_stats": {
          "mean": 0.6406517028808594,
          "std": 0.15803761780261993,
          "min": 0.0,
          "max": 1.0
        },
        "h_abs2_stats": {
          "mean": 0.9925389289855957,
          "std": 1.0156848430633545,
          "min": 1.6287001926684752e-05,
          "max": 11.333083152770996
        },
        "posteq_noise_var_stats": {
          "mean": 1.5240638256072998,
          "std": 59.00971603393555,
          "min": 0.008823723532259464,
          "max": 6139.865234375
        },
        "eq_quality_stats": {
          "mean": 9.925390243530273,
          "std": 10.156848907470703,
          "min": 0.00016287002654280514,
          "max": 113.33084106445312
        }
      },
      "I_stats": {
        "mean": 0.4365851879119873,
        "std": 0.16336394846439362,
        "min": 0.2505129873752594,
        "max": 0.8128165602684021
      },
      "channel_rel_stats": null,
      "A_stats": {
        "mean": 1.0,
        "std": 0.07637402415275574,
        "min": 0.8642777800559998,
        "max": 1.230066180229187
      },
      "z_stats": {
        "mean": 0.3767469525337219,
        "std": 84.82594299316406,
        "min": -453.6775207519531,
        "max": 440.5482177734375
      },
      "z_g_stats": {
        "mean": 0.41122907400131226,
        "std": 87.88398742675781,
        "min": -497.1896057128906,
        "max": 504.83172607421875
      },
      "z_tx_stats": {
        "mean": 0.0011503957211971283,
        "std": 0.9999993443489075,
        "min": -4.379918575286865,
        "max": 7.098562240600586
      },
      "E_z_stats": {
        "mean": 7195.58251953125,
        "std": 4226.67724609375,
        "min": 969.6244506835938,
        "max": 35780.2890625
      },
      "Ezg_stats": {
        "mean": 7723.763671875,
        "std": 5787.3583984375,
        "min": 950.058349609375,
        "max": 51883.4453125
      },
      "E_ztx_stats": {
        "mean": 1.0,
        "std": 0.7071313261985779,
        "min": 0.16715340316295624,
        "max": 8.83608341217041
      },