{
  "meta": {
    "snr_db": 13.0,
    "channel": "AWGN"
  },
  "modes": {
    "baseline": {
      "mode": "baseline",
      "channel_ctx": {
        "gamma_eff_db_stats": {
          "mean": 13.0,
          "std": 0.0,
          "min": 13.0,
          "max": 13.0
        },
        "gamma_eff_norm_stats": {
          "mean": 0.8588235378265381,
          "std": 0.0,
          "min": 0.8588235378265381,
          "max": 0.8588235378265381
        }
      },
      "I_stats": {
        "mean": 0.7621866464614868,
        "std": 0.6473572254180908,
        "min": 0.00019987970881629735,
        "max": 5.832329273223877
      },
      "A_stats": {
        "mean": 1.0,
        "std": 0.0,
        "min": 1.0,
        "max": 1.0
      },
      "z_stats": {
        "mean": 0.001814275048673153,
        "std": 0.9999983310699463,
        "min": -5.832329273223877,
        "max": 4.701141834259033
      },
      "z_tx_stats": {
        "mean": 0.001814272254705429,
        "std": 0.9999983310699463,
        "min": -5.832329273223877,
        "max": 4.701141834259033
      },
      "E_z_stats": {
        "mean": 1.0,
        "std": 0.6130195260047913,
        "min": 0.04754248261451721,
        "max": 7.054141044616699
      },
      "E_ztx_stats": {
        "mean": 1.0,
        "std": 0.6130195260047913,
        "min": 0.04754248261451721,
        "max": 7.054141044616699
      },
      "corr_A_I": 0.0,
      "corr_A_gamma_eff": 0.0,
      "corr_A_Importance": 0.0
    },
    "linear": {
      "mode": "linear",
      "channel_ctx": {
        "gamma_eff_db_stats": {
          "mean": 13.0,
          "std": 0.0,
          "min": 13.0,
          "max": 13.0
        },
        "gamma_eff_norm_stats": {
          "mean": 0.8588235378265381,
          "std": 0.0,
          "min": 0.8588235378265381,
          "max": 0.8588235378265381
        }
      },
      "I_stats": {
        "mean": 0.4288039803504944,
        "std": 0.1633789837360382,
        "min": 0.24983638525009155,
        "max": 0.8129926919937134
      },
      "A_stats": {
        "mean": 1.0,
        "std": 0.04190553352236748,
        "min": 0.9224511384963989,
        "max": 1.1363029479980469
      },
      "z_stats": {
        "mean": 2.4951467514038086,
        "std": 89.8221435546875,
        "min": -443.0403747558594,
        "max": 363.0552062988281
      },
      "z_tx_stats": {
        "mean": 0.027652297168970108,
        "std": 0.9996175765991211,
        "min": -6.681657791137695,
        "max": 4.863375186920166
      },
      "E_z_stats": {
        "mean": 8074.244140625,
        "std": 4590.98486328125,
        "min": 1683.9154052734375,
        "max": 33634.4296875
      },
      "E_ztx_stats": {
        "mean": 1.0,
        "std": 0.5909464359283447,
        "min": 0.24936173856258392,
        "max": 7.346596717834473
      },
      "corr_A_I": 0.9243274331092834,
      "corr_A_gamma_eff": 0.0,
      "corr_A_Importance": 0.9243274331092834
    },
    "importance_only": {
      "mode": "importance_only",
      "channel_ctx": {
        "gamma_eff_db_stats": {
          "mean": 13.0,
          "std": 0.0,
          "min": 13.0,
          "max": 13.0
        },
        "gamma_eff_norm_stats": {
          "mean": 0.8588235378265381,
          "std": 0.0,
          "min": 0.8588235378265381,
          "max": 0.8588235378265381
        }
      },
      "I_stats": {
        "mean": 0.42326247692108154,
        "std": 0.16472195088863373,
        "min": 0.2504296898841858,
        "max": 0.8126603364944458
      },
      "A_stats": {
        "mean": 1.0,
        "std": 0.07689127326011658,
        "min": 0.8663976788520813,
        "max": 1.2300409078598022
      },
      "z_stats": {
        "mean": 2.5549559593200684,
        "std": 91.06694030761719,
        "min": -461.9715270996094,
        "max": 375.6122131347656
      },
      "z_tx_stats": {
        "mean": 0.02822554111480713,
        "std": 0.9996016025543213,
        "min": -7.3637237548828125,
        "max": 4.869889736175537
      },
      "E_z_stats": {
        "mean": 8299.71484375,
        "std": 4958.40771484375,
        "min": 1794.148193359375,
        "max": 33731.28125
      },
      "E_ztx_stats": {
        "mean": 1.0,
        "std": 0.7142557501792908,
        "min": 0.21705380082130432,
        "max": 8.570326805114746
      },
      "corr_A_I": 0.9164907932281494,
      "corr_A_gamma_eff": 0.0,
      "corr_A_Importance": 0.9164907932281494
    },
    "snr_only": {
      "mode": "snr_only",
      "channel_ctx": {
        "gamma_eff_db_stats": {
          "mean": 13.0,
          "std": 0.0,
          "min": 13.0,
          "max": 13.0
        },
        "gamma_eff_norm_stats": {
          "mean": 0.8588235378265381,
          "std": 0.0,
          "min": 0.8588235378265381,
          "max": 0.8588235378265381
        }
      },
      "I_stats": {
        "mean": 0.5,
        "std": 0.0,
        "min": 0.5,
        "max": 0.5
      },
      "A_stats": {
        "mean": 1.0,
        "std": 0.0,
        "min": 1.0,
        "max": 1.0
      },
      "z_stats": {
        "mean": 0.1941494196653366,
        "std": 20.77310562133789,
        "min": -121.60986328125,
        "max": 111.64784240722656
      },
      "z_tx_stats": {
        "mean": 0.001814275048673153,
        "std": 0.9999983310699463,
        "min": -5.832329750061035,
        "max": 4.701141834259033
      },
      "E_z_stats": {
        "mean": 431.55963134765625,
        "std": 313.8176574707031,
        "min": 24.860225677490234,
        "max": 2470.458251953125
      },
      "E_ztx_stats": {
        "mean": 1.0,
        "std": 0.6130195260047913,
        "min": 0.04754248261451721,
        "max": 7.054141044616699
      },
      "corr_A_I": 0.0,
      "corr_A_gamma_eff": 0.0,
      "corr_A_Importance": 0.0
    },
    "full": {
      "mode": "full",
      "channel_ctx": {
        "gamma_eff_db_stats": {
          "mean": 13.0,
          "std": 0.0,
          "min": 13.0,
          "max": 13.0
        },
        "gamma_eff_norm_stats": {
          "mean": 0.8588235378265381,
          "std": 0.0,
          "min": 0.8588235378265381,
          "max": 0.8588235378265381
        }
      },
      "I_stats": {
        "mean": 0.43076634407043457,
        "std": 0.15792684257030487,
        "min": 0.25046566128730774,
        "max": 0.8109530806541443
      },
      "A_stats": {
        "mean": 1.0,
        "std": 0.04241219907999039,
        "min": 0.9181612730026245,
        "max": 1.1374319791793823
      },
      "z_stats": {
        "mean": 0.4437945783138275,
        "std": 29.436330795288086,
        "min": -149.44972229003906,
        "max": 147.838134765625
      },
      "z_tx_stats": {
        "mean": 0.008126627653837204,
        "std": 0.9999669790267944,
        "min": -6.777395725250244,
        "max": 4.5303239822387695
      },
      "E_z_stats": {
        "mean": 866.6945190429688,
        "std": 519.1585693359375,
        "min": 42.565452575683594,
        "max": 3611.2265625
      },
      "E_ztx_stats": {
        "mean": 1.0,
        "std": 0.5978812575340271,
        "min": 0.05712404474616051,
        "max": 7.131644248962402
      },
      "corr_A_I": 0.9113364219665527,
      "corr_A_gamma_eff": 0.0,
      "corr_A_Importance": 0.9113364219665527
    }
  },
  "comparisons_to_full": {
    "baseline": {
      "A_l1_mean_to_full": 0.03485261648893356,
      "corr_A_with_full_A": 0.0
    },
    "linear": {
      "A_l1_mean_to_full": 0.017259957268834114,
      "corr_A_with_full_A": 0.8370488882064819
    },
    "importance_only": {
      "A_l1_mean_to_full": 0.03821132332086563,
      "corr_A_with_full_A": 0.8275824785232544
    },
    "snr_only": {
      "A_l1_mean_to_full": 0.03485261648893356,
      "corr_A_with_full_A": 0.0
    }
  }
}